Parlamentare,id,Partito,dataIngresso,004001
BASINI GIUSEPPE,200049,LEGA,2018-03-27,
BERSANI PIER LUIGI,300026,MISTO,2018-03-23,
LETTA ENRICO,300127,PD,2018-03-27,Contrario
MINNITI DOMENICO,300146,PD,2018-03-27,
FRANCESCHINI DARIO,300246,PD,2018-03-27,
ZANETTIN PIERANTONIO,300271,FI,2018-03-27,
MILANATO LORENA,300296,FI,2018-03-27,
ORSINI ANDREA GIORGIO FELICE MARIA,300299,FI,2018-03-27,Favorevole
SANTELLI JOLE,300306,FI,2018-03-27,
CIRIELLI EDMONDO,300319,FDI,2018-03-27,Favorevole
FASANO VINCENZO,300328,FI,2018-03-27,
CROSETTO GUIDO,300356,FDI,2018-03-27,
NAPOLI OSVALDO,300387,FI,2018-03-27,
FONTANA GREGORIO,300439,FI,2018-03-27,
LUPI MAURIZIO ENZO,300447,MISTO,2018-03-23,Favorevole
PALMIERI ANTONIO,300453,FI,2018-03-27,
GIACHETTI ROBERTO,300480,IV-IC'E',2019-09-19,Contrario
BARELLI PAOLO,300497,FI,2018-03-27,Favorevole
BOLDI ROSSANA LIDIA,300506,LEGA,2018-03-27,
GENTILONI SILVERI PAOLO,300637,PD,2018-03-27,
ROSATO ETTORE,300674,IV-IC'E',2019-09-19,Contrario
GIACOMELLI ANTONELLO,301056,PD,2018-03-27,
RAMPELLI FABIO,301436,FDI,2018-03-27,Favorevole
TONDO RENZO,301448,MISTO,2018-03-23,
GELMINI MARIASTELLA,301449,FI,2018-03-27,
FIANO EMANUELE,301452,PD,2018-03-27,
GRIMOLDI PAOLO,301455,LEGA,2018-03-27,
FRASSINETTI PAOLA,301457,FDI,2018-03-27,Favorevole
RAVETTO LAURA,301459,FI,2018-03-27,Favorevole
ORLANDO ANDREA,301463,PD,2018-03-27,Contrario
SANGA GIOVANNI,301465,PD,2018-03-27,
LO MONTE CARMELO,301477,LEGA,2018-03-27,
PICCHI GUGLIELMO,301500,LEGA,2018-03-27,
CARFAGNA MARIA ROSARIA,301531,FI,2018-03-27,Contrario
GIACOMONI SESTINO,301533,FI,2018-03-27,
COSTA ENRICO,301541,MISTO,2018-03-23,Contrario
VALENTINI VALENTINO,301559,FI,2018-03-27,
BORDO MICHELE,301561,PD,2018-03-27,
CASTIELLO GIUSEPPINA,301573,LEGA,2018-03-27,
BALDELLI SIMONE,302089,FI,2018-03-27,
MELONI GIORGIA,302103,FDI,2018-03-27,Favorevole
BIANCOFIORE MICHAELA,302124,FI,2018-03-27,
GARAVAGLIA MASSIMO,302151,LEGA,2018-03-27,
FUGATTI MAURIZIO,302155,LEGA,2018-03-27,
MIGLIORE GENNARO,302164,PD,2018-03-27,
COLANINNO MATTEO,302744,IV-IC'E',2019-09-19,
BRAGA CHIARA,302754,PD,2018-03-27,Contrario
PIZZETTI LUCIANO,302759,PD,2018-03-27,
MOLTENI NICOLA,302762,LEGA,2018-03-27,Favorevole
COMAROLI SILVANA ANDREINA,302764,LEGA,2018-03-27,Favorevole
VOLPI RAFFAELE,302770,LEGA,2018-03-27,
VERINI WALTER,302774,PD,2018-03-27,
PORTAS GIACOMO,302782,PD,2018-03-27,
LORENZIN BEATRICE,302783,PD,2018-03-27,
MADIA MARIA ANNA,302789,PD,2018-03-27,Contrario
MORASSUT ROBERTO,302794,PD,2018-03-27,Non ha votato
BITONCI MASSIMO,302824,LEGA,2018-03-27,Favorevole
DAL MORO GIAN PIETRO,302832,PD,2018-03-27,
BRAMBILLA MICHELA VITTORIA,302838,FI,2018-03-27,Favorevole
BENAMATI GIANLUCA,302854,PD,2018-03-27,
DE MICHELI PAOLA,302856,PD,2018-03-27,Contrario
SANI LUCA,302863,PD,2018-03-27,
BERGAMINI DEBORAH,302867,FI,2018-03-27,Favorevole
TOCCAFONDI GABRIELE,302872,IV-IC'E',2019-09-19,
BRUNETTA RENATO,302875,MISTO,2018-03-23,
CARDINALE DANIELA,302881,MISTO,2018-03-23,
SAVINO ELVIRA,302882,FI,2018-03-27,
SISTO FRANCESCO PAOLO,302886,FI,2018-03-27,
LOSACCO ALBERTO,302891,PD,2018-03-27,
BOCCIA FRANCESCO,302892,PD,2018-03-27,
GERMANA' ANTONINO SALVATORE,302909,MISTO,2018-03-23,
MINARDO ANTONINO,302913,LEGA,2018-03-27,Favorevole
SALTAMARTINI BARBARA,302914,LEGA,2018-03-27,
ANGELUCCI ANTONIO,302942,FI,2018-03-27,Favorevole
CENNI SUSANNA,302943,PD,2018-03-27,
CASSINELLI ROBERTO,302949,FI,2018-03-27,
PAGANO ALESSANDRO SARO ALFONSO,302964,LEGA,2018-03-27,
POLIDORI CATIA,302968,FI,2018-03-27,Favorevole
OCCHIUTO ROBERTO,302969,FI,2018-03-27,
MACCANTI ELENA,302980,LEGA,2018-03-27,Favorevole
FEDRIGA MASSIMILIANO,302983,LEGA,2018-03-27,
PAOLINI LUCA RODOLFO,302995,LEGA,2018-03-27,
CECCANTI STEFANO,303038,PD,2018-03-27,
SARRO CARLO,303108,FI,2018-03-27,
SIBILIA COSIMO,303110,MISTO,2018-03-23,
CALABRIA ANNAGRAZIA,303200,FI,2018-03-27,
RIXI EDOARDO,304521,LEGA,2018-03-27,Favorevole
MAGGIONI MARCO,304601,LEGA,2018-03-27,
INVERNIZZI CRISTIAN,305503,LEGA,2018-03-27,
COMINARDI CLAUDIO,305520,M5S,2018-03-27,
CASTELLI LAURA,305525,IPF-IC,2022-06-21,
CARNEVALI ELENA,305539,PD,2018-03-27,
BAZOLI ALFREDO,305547,PD,2018-03-27,
GADDA MARIA CHIARA,305553,IV-IC'E',2019-09-19,Contrario
BERLINGHIERI MARINA,305555,PD,2018-03-27,
FRAGOMELI GIAN MARIO,305559,PD,2018-03-27,
BONOMO FRANCESCA,305563,PD,2018-03-27,
GIORGIS ANDREA,305567,PD,2018-03-27,
FREGOLENT SILVIA,305569,PD,2018-03-27,
PLANGGER ALBRECHT,305578,MISTO,2018-03-23,
GEBHARD RENATE,305580,MISTO,2018-03-23,Astensione
SCHULLIAN MANFRED,305586,MISTO,2018-03-23,Astensione
FRACCARO RICCARDO,305595,M5S,2018-03-27,
ZOLEZZI ALBERTO,305598,M5S,2018-03-27,
BUSINAROLO FRANCESCA,305602,M5S,2018-03-27,
BENEDETTI SILVIA,305604,MISTO,2018-03-23,
FANTINATI MATTIA,305612,IPF-IC,2022-06-21,
GUERINI LORENZO,305624,PD,2018-03-27,Contrario
CAON ROBERTO,305632,MISTO,2018-03-23,
ZARDINI DIEGO,305640,PD,2018-03-27,
ROTTA ALESSIA,305650,PD,2018-03-27,
DE MENECH ROGER,305656,PD,2018-03-27,
MORETTO SARA,305660,IV-IC'E',2019-09-19,
SPESSOTTO ARIANNA,305668,MISTO,2018-03-23,
D'INCA' FEDERICO,305674,M5S,2018-03-27,
SAVINO SANDRA,305684,FI,2018-03-27,
RIZZETTO WALTER,305688,FDI,2018-03-27,Favorevole
CIPRINI TIZIANA,305694,M5S,2018-03-27,
GALLINELLA FILIPPO,305696,M5S,2018-03-27,
DE MARIA ANDREA,305698,PD,2018-03-27,Contrario
INCERTI ANTONELLA,305702,PD,2018-03-27,
ASCANI ANNA,305704,PD,2018-03-27,Contrario
BATTELLI SERGIO,305715,M5S,2018-03-27,
VALENTE SIMONE,305717,IPF-IC,2022-06-21,
MELILLI FABIO,305725,PD,2018-03-27,
PASTORINO LUCA,305733,-SI,2018-04-10,Contrario
VAZIO FRANCO,305735,PD,2018-03-27,
FRUSONE LUCA,305748,M5S,2018-03-27,
BOLDRINI LAURA,305757,PD,2018-03-27,Contrario
POLVERINI RENATA,305761,FI,2018-03-27,
DAGA FEDERICA,305773,M5S,2018-03-27,
MORANI ALESSIA,305780,PD,2018-03-27,
GRANDE MARTA,305784,M5S,2018-03-27,
CECCONI ANDREA,305787,MISTO,2018-03-23,
TERZONI PATRIZIA,305792,M5S,2018-03-27,
RUOCCO CARLA,305796,IPF-IC,2022-06-21,
VIGNAROLI STEFANO,305798,IPF-IC,2022-06-21,
BARONI MASSIMO ENRICO,305800,MISTO,2018-03-23,
FASSINA STEFANO,305806,-SI,2018-04-10,
CAMPANA MICAELA,305810,PD,2018-03-27,
ORFINI MATTEO,305815,PD,2018-03-27,Contrario
EPIFANI ETTORE GUGLIELMO,305837,-SI,2018-04-10,
D'AMBROSIO GIUSEPPE,305838,MISTO,2018-03-23,
L'ABBATE GIUSEPPE,305842,IPF-IC,2022-06-21,
DE LORENZIS DIEGO,305848,M5S,2018-03-27,
DI MAIO MARCO,305850,IV-IC'E',2019-09-19,
BRESCIA GIUSEPPE,305852,M5S,2018-03-27,
ROSTAN MICHELA,305859,FI,2018-03-27,
SCAGLIUSI EMANUELE,305862,M5S,2018-03-27,
PAGANI ALBERTO,305866,PD,2018-03-27,
LABRIOLA VINCENZA,305872,MISTO,2018-03-23,
FRATOIANNI NICOLA,305880,MISTO,2018-03-23,Contrario
FICO ROBERTO,305890,M5S,2018-03-27,
DI MAIO LUIGI,305892,M5S,2018-03-27,
MICILLO SALVATORE,305894,M5S,2018-03-27,
GALLO LUIGI,305900,M5S,2018-03-27,
TOFALO ANGELO,305910,M5S,2018-03-27,
PINI GIUDITTA,305914,PD,2018-03-27,
SIBILIA CARLO,305918,M5S,2018-03-27,
SCALFAROTTO IVAN,305933,PD,2018-03-27,
ANZALDI MICHELE,305946,IV-IC'E',2019-09-19,
SARTI GIULIA,305960,M5S,2018-03-27,
DALL'OSSO MATTEO,305967,FI,2018-03-27,
SPADONI MARIA EDERA,305970,M5S,2018-03-27,
FERRARESI VITTORIO,305972,M5S,2018-03-27,
SPERANZA ROBERTO,305974,MISTO,2018-03-23,Contrario
LIUZZI MIRELLA,305982,M5S,2018-03-27,
PICCOLI FLAVIA,305997,PD,2018-03-27,
BORGHI ENRICO,305999,PD,2018-03-27,
GRIBAUDO CHIARA,306008,PD,2018-03-27,Contrario
DADONE FABIANA,306020,M5S,2018-03-27,
CRIPPA DAVIDE,306022,MISTO,2018-03-23,
ROMANO PAOLO NICOLO',306030,MISTO,2018-03-23,
CORDA EMANUELA,306031,MISTO,2018-03-23,
VALLASCAS ANDREA,306034,M5S,2018-03-27,
CANCELLERI AZZURRA PIA MARIA,306050,M5S,2018-03-27,
MURA ROMINA,306053,PD,2018-03-27,
VACCA GIANLUCA,306058,M5S,2018-03-27,
COLLETTI ANDREA,306060,M5S,2018-03-27,
DEL GROSSO DANIELE,306062,M5S,2018-03-27,
GRILLO GIULIA,306071,M5S,2018-03-27,
MARZANA MARIA,306080,M5S,2018-03-27,
LOREFICE MARIALUCIA,306082,M5S,2018-03-27,
D'UVA FRANCESCO,306085,M5S,2018-03-27,
BONAFEDE ALFONSO,306087,M5S,2018-03-27,
RIZZO GIANLUCA,306088,M5S,2018-03-27,
VILLAROSA ALESSIO MATTIA,306091,M5S,2018-03-27,
GAGNARLI CHIARA,306096,IPF-IC,2022-06-21,
RACITI FAUSTO,306101,PD,2018-03-27,
NESCI DALILA,306109,IPF-IC,2022-06-21,
DIENI FEDERICA,306120,IV-IC'E',2019-09-19,
PARENTELA PAOLO,306124,M5S,2018-03-27,
LOTTI LUCA,306128,PD,2018-03-27,
BRUNO BOSSIO VINCENZA,306134,PD,2018-03-27,
STUMPO NICOLA,306139,MISTO,2018-03-23,Contrario
BOSCHI MARIA ELENA,306160,PD,2018-03-27,Contrario
ERMINI DAVID,306168,PD,2018-03-27,
MAURI MATTEO,306176,PD,2018-03-27,Contrario
ROMANO ANDREA,306181,PD,2018-03-27,
QUARTAPELLE PROCOPIO LIA,306189,PD,2018-03-27,Contrario
NARDI MARTINA,306193,PD,2018-03-27,
SQUERI LUCA,306214,FI,2018-03-27,Favorevole
LIBRANDI GIANFRANCO,306220,IV-IC'E',2019-09-19,
CARINELLI PAOLA,306222,M5S,2018-03-27,
DI STEFANO MANLIO,306228,IPF-IC,2022-06-21,
TRIPIEDI DAVIDE,306230,M5S,2018-03-27,
BORGHESE MARIO ALEJANDRO,306249,MISTO,2018-03-23,
NISSOLI ANGELA,306251,FI,2018-03-27,
LA MARCA FRANCESCA,306253,PD,2018-03-27,
ZAN ALESSANDRO,306272,PD,2018-03-27,Contrario
PALAZZOTTO ERASMO,306304,-SI,2018-04-10,
CANTINI LAURA,306350,PD,2018-03-27,
DEL BARBA MAURO,306382,IV-IC'E',2019-09-19,Contrario
DI GIORGI ROSA MARIA,306383,PD,2018-03-27,
FORNARO FEDERICO,306398,-SI,2018-04-10,Contrario
LEPRI STEFANO,306420,PD,2018-03-27,
LONGO FAUSTO GUILHERME,306425,MISTO,2018-03-23,
MANDELLI ANDREA,306430,FI,2018-03-27,
MARIN MARCO,306432,CI,2022-06-23,
MORGONI MARIO,306445,PD,2018-03-27,
PEZZOPANE STEFANIA,306466,PD,2018-03-27,
SCOMA FRANCESCO,306483,LEGA,2018-03-27,
DELRIO GRAZIANO,306540,PD,2018-03-27,
FERRI COSIMO MARIA,306549,IV-IC'E',2019-09-19,
MARTINA MAURIZIO,306551,PD,2018-03-27,
GUIDESI GUIDO,306582,LEGA,2018-03-27,
PADOAN PIETRO CARLO,306641,PD,2018-03-27,
DE FILIPPO VITO,306663,PD,2018-03-27,
TRIPODI ELISA,307105,M5S,2018-03-27,
MURA ANDREA,307106,M5S,2018-03-27,
LAPIA MARA,307107,M5S,2018-03-27,
CABRAS PINO,307108,MISTO,2018-03-23,
PERANTONI MARIO,307109,M5S,2018-03-27,
MARINO BERNARDO,307110,MISTO,2018-03-23,
CADEDDU LUCIANO,307111,M5S,2018-03-27,
PENNA LEONARDO SALVATORE,307112,M5S,2018-03-27,
TRIZZINO GIORGIO,307113,MISTO,2018-03-23,
ALAIMO ROBERTA,307114,M5S,2018-03-27,
PIGNATONE DEDALO COSIMO GAETANO,307115,M5S,2018-03-27,
CASA VITTORIA,307116,IPF-IC,2022-06-21,
CHIAZZESE GIUSEPPE,307117,M5S,2018-03-27,
SODANO MICHELE,307118,M5S,2018-03-27,
AIELLO PIERA,307119,MISTO,2018-03-23,
MARTINCIGLIO VITA,307120,IPF-IC,2022-06-21,
GIARRIZZO ANDREA,307121,M5S,2018-03-27,
PAXIA MARIA LAURA,307122,M5S,2018-03-27,
SURIANO SIMONA,307123,MISTO,2018-03-23,
SAITTA EUGENIO,307124,M5S,2018-03-27,
FICARA PAOLO,307125,M5S,2018-03-27,
CATALDI ROBERTO,307126,M5S,2018-03-27,
EMILIOZZI MIRELLA,307127,M5S,2018-03-27,
PATASSINI TULLIO,307128,LEGA,2018-03-27,
CATTOI MAURIZIO,307129,MISTO,2018-03-23,
MULE' GIORGIO,307130,FI,2018-03-27,Favorevole
FOSCOLO SARA,307131,LEGA,2018-03-27,
TRAVERSI ROBERTO,307132,M5S,2018-03-27,Contrario
RIZZONE MARCO,307133,M5S,2018-03-27,
BAGNASCO ROBERTO,307134,FI,2018-03-27,Favorevole
GAGLIARDI MANUELA,307135,MISTO,2018-03-23,
PETTARIN GUIDO GERMANO,307136,FI,2018-03-27,
MOSCHIONI DANIELE,307137,LEGA,2018-03-27,
GAVA VANNIA,307138,LEGA,2018-03-27,Favorevole
SILLI GIORGIO,307139,FI,2018-03-27,
CARRARA MAURIZIO,307140,FI,2018-03-27,
D'ETTORE FELICE MAURIZIO,307141,FDI,2018-03-27,
ZUCCONI RICCARDO,307142,FDI,2018-03-27,Favorevole
ZIELLO EDOARDO,307143,LEGA,2018-03-27,Favorevole
LOLINI MARIO,307145,LEGA,2018-03-27,
UNGARO MASSIMO,307147,PD,2018-03-27,
SCHIRO' ANGELA,307149,PD,2018-03-27,
BILLI SIMONE,307151,LEGA,2018-03-27,Favorevole
SIRAGUSA ELISA,307153,M5S,2018-03-27,
FUSACCHIA ALESSANDRO,307155,MISTO,2018-03-23,
SANGREGORIO EUGENIO,307157,MISTO,2018-03-23,
DI SAN MARTINO LORENZATO DI IVREA LUIS ROBERTO,307159,LEGA,2018-03-27,
CARE' NICOLA,307161,IV-IC'E',2019-09-19,Contrario
CAIATA SALVATORE,307162,FDI,2018-03-27,Favorevole
ROSPI GIANLUCA,307163,CI,2022-06-23,
CILLIS LUCIANO,307165,M5S,2018-03-27,
CASINO MICHELE,307169,FI,2018-03-27,
ACQUAROLI FRANCESCO,307171,FDI,2018-03-27,
LATINI GIORGIA,307173,LEGA,2018-03-27,Favorevole
SILVESTRI RACHELE,307175,MISTO,2018-03-23,Favorevole
GIULIODORI PAOLO,307177,MISTO,2018-03-23,
ROSSINI ROBERTO,307179,M5S,2018-03-27,
PARISSE MARTINA,307181,CI,2022-06-23,
PENTANGELO ANTONIO,307183,FI,2018-03-27,
FASCINA MARTA ANTONIA,307185,FI,2018-03-27,Favorevole
SIANI PAOLO,307187,PD,2018-03-27,
TOPO RAFFAELE,307189,PD,2018-03-27,
SPADAFORA VINCENZO,307190,M5S,2018-03-27,
SARLI DORIANA,307191,MISTO,2018-03-23,
DE LORENZO RINA,307192,-SI,2018-04-10,
BRUNO RAFFAELE,307193,M5S,2018-03-27,Contrario
CASO ANDREA,307194,M5S,2018-03-27,
DI SARNO GIANFRANCO,307195,IPF-IC,2022-06-21,
VITIELLO CATELLO,307196,MISTO,2018-03-23,
GIORDANO CONCETTA,307198,M5S,2018-03-27,
DI STASIO IOLANDA,307200,IPF-IC,2022-06-21,
SPORTIELLO GILDA,307202,M5S,2018-03-27,Contrario
FRATE FLORA,307204,MISTO,2018-03-23,
AMITRANO ALESSANDRO,307206,IPF-IC,2022-06-21,
IOVINO LUIGI,307208,M5S,2018-03-27,
DI LAURO CARMELA,307210,M5S,2018-03-27,Contrario
MANZO TERESA,307212,M5S,2018-03-27,
NAPPI SILVANA,307213,M5S,2018-03-27,
CAPPELLACCI UGO,307215,FI,2018-03-27,Non ha votato
DE MARTINI GUIDO,307217,LEGA,2018-03-27,
DEIDDA SALVATORE,307219,FDI,2018-03-27,Favorevole
SCANU LUCIA,307221,CI,2022-06-23,
PITTALIS PIETRO,307223,FI,2018-03-27,Favorevole
MANCA ALBERTO,307225,IPF-IC,2022-06-21,
DEIANA PAOLA,307227,IPF-IC,2022-06-21,
MANCA GAVINO,307229,PD,2018-03-27,
MARTINO ANTONIO,307230,FI,2018-03-27,
ZENNARO ANTONIO,307231,LEGA,2018-03-27,
GRIPPA CARMELA,307232,M5S,2018-03-27,
TORTO DANIELA,307234,M5S,2018-03-27,Contrario
CORNELI VALENTINA,307236,M5S,2018-03-27,
BERARDINI FABIO,307238,CI,2022-06-23,
BELLACHIOMA GIUSEPPE ERCOLE,307240,LEGA,2018-03-27,
D'ERAMO LUIGI,307242,LEGA,2018-03-27,
D'ALESSANDRO CAMILLO,307244,PD,2018-03-27,
DONZELLI GIOVANNI,307246,FDI,2018-03-27,Favorevole
MAZZETTI ERICA,307248,FI,2018-03-27,Favorevole
RICCIARDI RICCARDO,307250,M5S,2018-03-27,Contrario
VIZZINI GLORIA,307252,M5S,2018-03-27,
BORGHI CLAUDIO,307254,LEGA,2018-03-27,
BERTI FRANCESCO,307256,M5S,2018-03-27,
CIAMPI LUCIA,307258,PD,2018-03-27,
MUGNAI STEFANO,307260,FI,2018-03-27,
LEGNAIOLI DONATELLA,307262,LEGA,2018-03-27,
EHM YANA CHIARA,307264,MISTO,2018-03-23,
SENSI FILIPPO,307266,PD,2018-03-27,
RIPANI ELISABETTA,307268,MISTO,2018-03-23,
POTENTI MANFREDI,307270,LEGA,2018-03-27,
MIGLIORINO LUCA,307272,M5S,2018-03-27,
TESTAMENTO ROSA ALBA,307275,M5S,2018-03-27,
SOVERINI SERSE,307276,MISTO,2018-03-23,
VIETINA SIMONA,307277,CI,2022-06-23,
FEDERICO ANTONIO,307278,M5S,2018-03-27,
TOMASI MAURA,307279,LEGA,2018-03-27,
OCCHIONERO GIUSEPPINA,307281,IV-IC'E',2019-09-19,
CRITELLI FRANCESCO,307282,PD,2018-03-27,
CESTARI EMANUELE,307283,LEGA,2018-03-27,
FIORINI BENEDETTA,307284,LEGA,2018-03-27,
CAVANDOLI LAURA,307285,LEGA,2018-03-27,Favorevole
TOMBOLATO GIOVANNI BATTISTA,307286,LEGA,2018-03-27,
LATTANZIO PAOLO,307287,PD,2018-03-27,
RAFFAELLI ELENA,307288,LEGA,2018-03-27,
RUGGIERO FRANCESCA ANNA,307289,M5S,2018-03-27,
GALIZIA FRANCESCA,307290,M5S,2018-03-27,
DE GIROLAMO CARLO UGO,307293,MISTO,2018-03-23,
ANGIOLA NUNZIO,307294,M5S,2018-03-27,
MURONI ROSSELLA,307296,MISTO,2018-03-23,
BIGNAMI GALEAZZO,307298,FDI,2018-03-27,Favorevole
MORRONE JACOPO,307300,LEGA,2018-03-27,Favorevole
ASCARI STEFANIA,307302,M5S,2018-03-27,Contrario
PAGANO UBALDO,307304,PD,2018-03-27,Contrario
ROSSI ANDREA,307306,PD,2018-03-27,Contrario
LACARRA MARCO,307308,PD,2018-03-27,Contrario
PIASTRA CARLO,307310,LEGA,2018-03-27,
D'ATTIS MAURO,307312,FI,2018-03-27,Favorevole
GOLINELLI GUGLIELMO,307314,LEGA,2018-03-27,
TARTAGLIONE ANNAELSA,307316,FI,2018-03-27,
CARBONARO ALESSANDRA,307318,M5S,2018-03-27,
CANTONE CARLA,307320,PD,2018-03-27,
RIZZO NERVO LUCA,307322,PD,2018-03-27,
TONELLI GIANNI,307324,LEGA,2018-03-27,
ZANICHELLI DAVIDE,307326,M5S,2018-03-27,
MARATTIN LUIGI,307328,IV-IC'E',2019-09-19,Contrario
GEMMATO MARCELLO,307332,FDI,2018-03-27,Favorevole
VINCI GIANLUCA,307334,FDI,2018-03-27,Favorevole
MURELLI ELENA,307336,LEGA,2018-03-27,
PALMISANO VALENTINA,307338,M5S,2018-03-27,
LUCASELLI YLENJA,307340,FDI,2018-03-27,Favorevole
GIANNONE VERONICA,307342,FI,2018-03-27,
GALANTINO DAVIDE,307344,FDI,2018-03-27,
FARO MARIALUISA,307346,IPF-IC,2022-06-21,
DONNO LEONARDO,307348,M5S,2018-03-27,Contrario
ERMELLINO ALESSANDRA,307350,M5S,2018-03-27,
TROIANO FRANCESCA,307352,M5S,2018-03-27,
MASI ANGELA,307354,M5S,2018-03-27,
LOVECCHIO GIORGIO,307356,M5S,2018-03-27,Contrario
VIANELLO GIOVANNI,307358,M5S,2018-03-27,
SASSO ROSSANO,307360,LEGA,2018-03-27,Favorevole
TATEO ANNA RITA,307362,LEGA,2018-03-27,
NITTI MICHELE,307363,PD,2018-03-27,
ALEMANNO MARIA SOAVE,307364,IV-IC'E',2019-09-19,
APRILE NADIA,307365,M5S,2018-03-27,
DE GIORGI ROSALBA,307366,MISTO,2018-03-23,
CASSESE GIANPAOLO,307367,M5S,2018-03-27,
ARESTA GIOVANNI LUCA,307368,M5S,2018-03-27,
MACINA ANNA,307369,M5S,2018-03-27,
GIULIANO CARLA,307370,M5S,2018-03-27,Contrario
TASSO ANTONIO,307371,MISTO,2018-03-23,
MENGA ROSA,307372,M5S,2018-03-27,
SERRACCHIANI DEBORA,307374,PD,2018-03-27,Contrario
PANIZZUT MASSIMILIANO,307376,LEGA,2018-03-27,Favorevole
NOVELLI ROBERTO,307378,FI,2018-03-27,
DE CARLO SABRINA,307380,M5S,2018-03-27,
SUT LUCA,307382,M5S,2018-03-27,
MICELI CARMELO,307384,PD,2018-03-27,
VARRICA ADRIANO,307386,M5S,2018-03-27,
D'ORSO VALENTINA,307388,M5S,2018-03-27,Contrario
LOMBARDO ANTONIO,307390,M5S,2018-03-27,
LICATINI CATERINA,307392,M5S,2018-03-27,
AIELLO DAVIDE,307394,M5S,2018-03-27,Contrario
PERCONTI FILIPPO GIUSEPPE,307396,M5S,2018-03-27,
CIMINO ROSALBA,307398,M5S,2018-03-27,
VARCHI MARIA CAROLINA,307400,FDI,2018-03-27,Favorevole
SIRACUSANO MATILDE,307402,FI,2018-03-27,Favorevole
BARTOLOZZI GIUSI,307404,FI,2018-03-27,
RAFFA ANGELA,307406,M5S,2018-03-27,Contrario
PAPIRO ANTONELLA,307408,M5S,2018-03-27,
NAVARRA PIETRO,307410,PD,2018-03-27,
BUCALO CARMELA,307412,FDI,2018-03-27,
CAPPELLANI SANTI,307414,PD,2018-03-27,
CANTONE LUCIANO,307416,M5S,2018-03-27,Contrario
SCERRA FILIPPO,307418,M5S,2018-03-27,Contrario
CAPARVI VIRGINIO,307420,LEGA,2018-03-27,Favorevole
RUGGIERI ANDREA,307422,FI,2018-03-27,
MOLLICONE FEDERICO,307424,FDI,2018-03-27,Favorevole
BELLUCCI MARIA TERESA,307426,FDI,2018-03-27,Favorevole
DE TOMA MASSIMILIANO,307427,MISTO,2018-03-23,
MARIANI FELICE,307428,M5S,2018-03-27,
BELLA MARCO,307429,M5S,2018-03-27,
PRESTIPINO PATRIZIA,307430,PD,2018-03-27,
DE ANGELIS SARA,307432,LEGA,2018-03-27,
CARELLI EMILIO,307433,M5S,2018-03-27,
BALDINO VITTORIA,307435,M5S,2018-03-27,Contrario
MAGI RICCARDO,307436,MISTO,2018-03-23,Contrario
DEL RE EMANUELA CLAUDIA,307437,M5S,2018-03-27,
SALAFIA ANGELA,307439,M5S,2018-03-27,
CUBEDDU SEBASTIANO,307440,M5S,2018-03-27,
SPENA MARIA,307441,FI,2018-03-27,
TUZI MANUEL,307443,M5S,2018-03-27,
FLATI FRANCESCA,307445,M5S,2018-03-27,
SILVESTRI FRANCESCO,307447,M5S,2018-03-27,Contrario
NOBILI LUCIANO,307449,IV-IC'E',2019-09-19,
FIORAMONTI LORENZO,307450,M5S,2018-03-27,
SILVESTRONI MARCO,307451,FDI,2018-03-27,
PRISCO EMANUELE,307452,FDI,2018-03-27,Favorevole
MARCHETTI RICCARDO AUGUSTO,307453,LEGA,2018-03-27,Favorevole
NEVI RAFFAELE,307454,FI,2018-03-27,Favorevole
ROTELLI MAURO,307455,FDI,2018-03-27,Favorevole
BATTILOCCHIO ALESSANDRO,307456,FI,2018-03-27,Favorevole
TRANCASSINI PAOLO,307457,FDI,2018-03-27,Favorevole
ZICCHIERI FRANCESCO,307458,LEGA,2018-03-27,
FONTANA ILARIA,307459,M5S,2018-03-27,Contrario
CRISTINA MIRELLA,307460,FI,2018-03-27,
ROSSO ROBERTO,307461,FI,2018-03-27,
LOLLOBRIGIDA FRANCESCO,307463,FDI,2018-03-27,Favorevole
MONTARULI AUGUSTA,307464,FDI,2018-03-27,Favorevole
MARROCCO PATRIZIA,307466,FI,2018-03-27,Favorevole
DURIGON CLAUDIO,307468,LEGA,2018-03-27,
MATURI FILIPPO,307470,LEGA,2018-03-27,
BENVENUTO ALESSANDRO MANUEL,307471,LEGA,2018-03-27,Favorevole
D'ARRANDO CELESTE,307472,M5S,2018-03-27,
GIACOMETTO CARLUCCIO,307473,FI,2018-03-27,
PORCHIETTO CLAUDIA,307474,FI,2018-03-27,
GUSMEROLI ALBERTO LUIGI,307475,LEGA,2018-03-27,Favorevole
GERARDI FRANCESCA,307477,LEGA,2018-03-27,
RUFFINO DANIELA,307478,CI,2022-06-23,Contrario
DELMASTRO DELLE VEDOVE ANDREA,307479,FDI,2018-03-27,Favorevole
MANCINI CLAUDIO,307481,PD,2018-03-27,Contrario
LORENZONI GABRIELE,307483,M5S,2018-03-27,
TIRAMANI PAOLO,307484,LEGA,2018-03-27,
TRANO RAFFAELE,307486,M5S,2018-03-27,
SEGNERI ENRICA,307488,M5S,2018-03-27,
COSTANZO JESSICA,307490,MISTO,2018-03-23,
ZANGRILLO PAOLO,307492,FI,2018-03-27,
PELLA ROBERTO,307496,FI,2018-03-27,Favorevole
SERRITELLA DAVIDE,307498,IPF-IC,2022-06-21,
CARABETTA LUCA,307500,M5S,2018-03-27,
GIGLIO VIGNA ALESSANDRO,307502,LEGA,2018-03-27,Favorevole
GARIGLIO DAVIDE,307504,PD,2018-03-27,
CAFFARATTO GUALTIERO,307506,LEGA,2018-03-27,
MOLINARI RICCARDO,307507,LEGA,2018-03-27,Favorevole
GIACCONE ANDREA,307508,LEGA,2018-03-27,Favorevole
GASTALDI FLAVIO,307509,LEGA,2018-03-27,
CIABURRO MONICA,307511,FDI,2018-03-27,Favorevole
PETTAZZI LINO,307513,LEGA,2018-03-27,
IANARO ANGELA,307514,PD,2018-03-27,
MARAIA GENEROSO,307515,IPF-IC,2022-06-21,
SOZZANI DIEGO,307517,FI,2018-03-27,
VOLPI LEDA,307519,M5S,2018-03-27,
DEL MONACO ANTONIO,307520,M5S,2018-03-27,
PATELLI CRISTINA,307522,LEGA,2018-03-27,
BUOMPANE GIUSEPPE,307523,M5S,2018-03-27,
LIUNI MARZIO,307525,LEGA,2018-03-27,
DI MURO FLAVIO,307527,LEGA,2018-03-27,
GRIMALDI NICOLA,307528,IPF-IC,2022-06-21,
AZZOLINA LUCIA,307530,IPF-IC,2022-06-21,
GUBITOSA MICHELE,307531,M5S,2018-03-27,Contrario
VIVIANI LORENZO,307533,LEGA,2018-03-27,
PAITA RAFFAELLA,307535,IV-IC'E',2019-09-19,
VILLANI VIRGINIA,307536,M5S,2018-03-27,
PROVENZA NICOLA,307537,M5S,2018-03-27,
ACUNZO NICOLA,307538,MISTO,2018-03-23,
FERRAIOLI MARZIA,307539,FI,2018-03-27,
CONTE FEDERICO,307541,-SI,2018-04-10,
CASCIELLO LUIGI,307543,MISTO,2018-03-23,
CANTALAMESSA GIANLUCA,307545,LEGA,2018-03-27,
PALLINI MARIA,307547,M5S,2018-03-27,
MAGLIONE PASQUALE,307549,IPF-IC,2022-06-21,
DEL SESTO MARGHERITA,307551,M5S,2018-03-27,
RUSSO GIOVANNI,307553,FDI,2018-03-27,
IORIO MARIANNA,307555,M5S,2018-03-27,
BILOTTI ANNA,307557,M5S,2018-03-27,
ADELIZZI COSIMO,307559,IPF-IC,2022-06-21,
DE LUCA PIERO,307561,PD,2018-03-27,Contrario
MISITI CARMELO MASSIMO,307562,M5S,2018-03-27,
SAPIA FRANCESCO,307563,MISTO,2018-03-23,
ORRICO ANNA LAURA,307564,M5S,2018-03-27,Contrario
D'IPPOLITO GIUSEPPE,307565,M5S,2018-03-27,
BARBUTO ELISABETTA MARIA,307566,M5S,2018-03-27,
FERRO WANDA,307567,FDI,2018-03-27,Favorevole
CANNIZZARO FRANCESCO,307568,FI,2018-03-27,Favorevole
GIACOMETTI ANTONIETTA,307569,LEGA,2018-03-27,
LAZZARINI ARIANNA,307570,LEGA,2018-03-27,Favorevole
STEFANI ALBERTO,307571,LEGA,2018-03-27,Favorevole
RACCHELLA GERMANO,307572,LEGA,2018-03-27,
CARETTA MARIA CRISTINA,307573,FDI,2018-03-27,Favorevole
MASCHIO CIRO,307575,FDI,2018-03-27,Favorevole
PATERNOSTER PAOLO,307576,LEGA,2018-03-27,
ZORDAN ADOLFO,307578,LEGA,2018-03-27,
COMENCINI VITO,307579,LEGA,2018-03-27,
CORTELAZZO PIERGIORGIO,307580,FI,2018-03-27,Favorevole
COVOLO SILVIA,307582,LEGA,2018-03-27,
BENDINELLI DAVIDE,307583,FI,2018-03-27,
PRETTO ERIK UMBERTO,307585,LEGA,2018-03-27,Favorevole
VALBUSA VANIA,307587,LEGA,2018-03-27,
TURRI ROBERTO,307589,LEGA,2018-03-27,
FONTANA LORENZO,307591,LEGA,2018-03-27,
RADUZZI RAPHAEL,307593,MISTO,2018-03-23,
CUNIAL SARA,307595,M5S,2018-03-27,
ANNIBALI LUCIA,307597,PD,2018-03-27,
VERSACE GIUSEPPINA,307598,MISTO,2018-03-23,
BIANCHI MATTEO LUIGI,307599,LEGA,2018-03-27,
TARANTINO LEONARDO,307600,LEGA,2018-03-27,
BORDONALI SIMONA,307601,LEGA,2018-03-27,Favorevole
FORMENTINI PAOLO,307602,LEGA,2018-03-27,Favorevole
COLUCCI ALESSANDRO,307603,MISTO,2018-03-23,Favorevole
BENIGNI STEFANO,307604,FI,2018-03-27,Favorevole
BELOTTI DANIELE,307605,LEGA,2018-03-27,
BOLOGNA FABIOLA,307607,CI,2022-06-23,
SORTE ALESSANDRO,307608,MISTO,2018-03-23,Favorevole
CURRO' GIOVANNI,307610,M5S,2018-03-27,
OSNATO MARCO,307612,FDI,2018-03-27,Favorevole
LORENZONI EVA,307614,LEGA,2018-03-27,
ZOFFILI EUGENIO,307616,LEGA,2018-03-27,Favorevole
DONINA GIUSEPPE CESARE,307618,LEGA,2018-03-27,
FERRARI ROBERTO PAOLO,307620,LEGA,2018-03-27,
LOCATELLI ALESSANDRA,307622,LEGA,2018-03-27,
INVIDIA NICCOLO',307624,MISTO,2018-03-23,
FATUZZO CARLO,307626,FI,2018-03-27,
RIBOLLA ALBERTO,307628,LEGA,2018-03-27,
FRASSINI REBECCA,307630,LEGA,2018-03-27,Favorevole
CENTEMERO GIULIO,307632,LEGA,2018-03-27,Favorevole
DORI DEVIS,307634,MISTO,2018-03-23,Contrario
TERMINI GUIA,307636,M5S,2018-03-27,
CRIPPA ANDREA,307639,LEGA,2018-03-27,Favorevole
COLLA JARI,307640,LEGA,2018-03-27,
IEZZI IGOR GIANCARLO,307641,LEGA,2018-03-27,Favorevole
PEREGO DI CREMNAGO MATTEO,307643,FI,2018-03-27,
DELLA FRERA GUIDO,307644,CI,2022-06-23,
ROMANIELLO CRISTIAN,307646,M5S,2018-03-27,
MOR MATTIA,307647,PD,2018-03-27,
NANNI IOLANDA,307649,M5S,2018-03-27,
ZANELLA FEDERICA,307650,LEGA,2018-03-27,
MUSELLA GRAZIANO,307651,FI,2018-03-27,
GOBBATO CLAUDIA,307653,LEGA,2018-03-27,
BARONI ANNA LISA,307655,FI,2018-03-27,
LUCCHINI ELENA,307656,LEGA,2018-03-27,
CATTANEO ALESSANDRO,307657,FI,2018-03-27,Favorevole
SACCANI GLORIA,307659,FI,2018-03-27,Favorevole
BUFFAGNI STEFANO,307661,M5S,2018-03-27,
PEDRAZZINI CLAUDIO,307662,MISTO,2018-03-23,
TERZI CLAUDIA MARIA,307664,LEGA,2018-03-27,
CANNATELLI PASQUALE PIO GRAZIANO,307666,FI,2018-03-27,
MORELLI ALESSANDRO,307668,LEGA,2018-03-27,
FIDANZA CARLO,307670,FDI,2018-03-27,
MAMMI' STEFANIA,307672,M5S,2018-03-27,
OLGIATI RICCARDO,307674,M5S,2018-03-27,
NOJA LISA,307676,IV-IC'E',2019-09-19,
ROSSELLO CRISTINA,307678,FI,2018-03-27,Favorevole
CECCHETTI FABRIZIO,307680,LEGA,2018-03-27,Favorevole
BONIARDI FABIO MASSIMO,307682,LEGA,2018-03-27,
DARA ANDREA,307683,LEGA,2018-03-27,Favorevole
CAPITANIO MASSIMILIANO,307685,LEGA,2018-03-27,
ANDREUZZA GIORGIA,307686,LEGA,2018-03-27,Favorevole
FOGLIANI KETTY,307687,LEGA,2018-03-27,
COIN DIMITRI,307688,LEGA,2018-03-27,Favorevole
BISA INGRID,307689,LEGA,2018-03-27,Favorevole
FANTUZ MARICA,307690,LEGA,2018-03-27,
BADOLE MIRCO,307691,LEGA,2018-03-27,
BARATTO RAFFAELE,307692,FI,2018-03-27,
VALLOTTO SERGIO,307694,LEGA,2018-03-27,
BAZZARO ALEX,307696,LEGA,2018-03-27,
COLMELLERE ANGELA,307698,LEGA,2018-03-27,
MANZATO FRANCO,307700,LEGA,2018-03-27,
BOND DARIO,307702,FI,2018-03-27,
PELLICANI NICOLA,307704,PD,2018-03-27,
MANIERO ALVISE,307706,MISTO,2018-03-23,
DE CARLO LUCA,307708,FDI,2018-03-27,
ROSSINI EMANUELA,307710,MISTO,2018-03-23,
BINELLI DIEGO,307712,LEGA,2018-03-27,
SEGNANA STEFANIA,307714,LEGA,2018-03-27,
ZANOTELLI GIULIA,307715,LEGA,2018-03-27,
CATTOI VANESSA,307716,LEGA,2018-03-27,Favorevole
FURGIUELE DOMENICO,307718,LEGA,2018-03-27,Favorevole
FORCINITI FRANCESCO,307720,MISTO,2018-03-23,
SCUTELLA' ELISA,307722,M5S,2018-03-27,Contrario
MELICCHIO ALESSANDRO,307724,M5S,2018-03-27,
TUCCI RICCARDO,307726,M5S,2018-03-27,Contrario
TRIPODI MARIA,307728,FI,2018-03-27,
VISCOMI ANTONIO,307730,PD,2018-03-27,
BUBISUTTI AURELIA,307981,LEGA,2018-03-27,
TOCCALINI LUCA,307983,LEGA,2018-03-27,Favorevole
BARZOTTI VALENTINA,308001,M5S,2018-03-27,Contrario
BURATTI UMBERTO,308021,PD,2018-03-27,
PICCOLO TIZIANA,308061,CI,2022-06-23,
FRAILIS ANDREA,308080,PD,2018-03-27,
MANTOVANI LUCREZIA MARIA BENEDETTA,308101,FDI,2018-03-27,Favorevole
LOSS MARTINA,308140,LEGA,2018-03-27,
SUTTO MAURO,308141,LEGA,2018-03-27,
BALDINI MARIA TERESA,308181,FI,2018-03-27,
GUALTIERI ROBERTO,308241,PD,2018-03-27,
GIANNETTA DOMENICO,308341,FI,2018-03-27,
TORROMINO SERGIO,308361,FI,2018-03-27,
PAOLIN GIUSEPPE,308381,LEGA,2018-03-27,
ALBANO LUCIA,308421,FDI,2018-03-27,Favorevole
LUCENTINI MAURO,308441,LEGA,2018-03-27,
SNIDER SILVANA,308490,LEGA,2018-03-27,
MICHELI MATTEO,308492,LEGA,2018-03-27,
AVOSSA EVA,308521,PD,2018-03-27,
CIAGA' GRAZIELLA LEYLA,308541,PD,2018-03-27,
TIMBRO MARIA FLAVIA,308561,-SI,2018-04-10,
CASU ANDREA,308600,PD,2018-03-27,Contrario
GENTILE ANDREA,308620,FI,2018-03-27,
D'ELIA CECILIA,308660,PD,2018-03-27,
SESSA MARIA ROSA,308681,MISTO,2018-03-23,
ROMANO' MARINA,308721,LEGA,2018-03-27,
DI DONNA MICHAELA,308741,MISTO,2018-03-23,
BUTTI ALESSIO,32500,FDI,2018-03-27,
DEL BASSO DE CARO UMBERTO,32910,PD,2018-03-27,
POLLASTRINI BARBARA MARIA SIMONETTA,34180,PD,2018-03-27,
SGARBI VITTORIO,34510,MISTO,2018-03-23,
TABACCI BRUNO,34580,MISTO,2018-03-23,
VITO ELIO,34730,FI,2018-03-27,
APREA VALENTINA,35050,FI,2018-03-27,
FASSINO PIERO FRANCO,36500,PD,2018-03-27,
PRESTIGIACOMO STEFANIA,38350,FI,2018-03-27,
ROTONDI GIANFRANCO,38560,FI,2018-03-27,
GIORGETTI GIANCARLO,50115,LEGA,2018-03-27,
PAROLO UGO,50123,LEGA,2018-03-27,
FOTI TOMMASO,50204,FDI,2018-03-27,
RUSSO PAOLO,50213,FI,2018-03-27,
GALLI DARIO,50462,LEGA,2018-03-27,
