"d","cognome","nome","info","dataNascita","luogoNascita","genere","ufficio","organo","inizioUfficio","fineUfficio","collegio","aggiornamento"
"http://dati.camera.it/ocd/deputato.rdf/d200291_19","DE CORATO","RICCARDO","Diploma di istituto tecnico commerciale; Dipendente pubblico","19511101","ANDRIA","male","CAPOGRUPPO","COMMISSIONE SPECIALE ISTITUITA IL 19 OTTOBRE 2022, AI SENSI DELL'ARTICOLO 22, COMMA 2, DEL REGOLAMENTO","20221021","20221109","LOMBARDIA 1 - P01",2023-03-06 12:01:23
"http://dati.camera.it/ocd/deputato.rdf/d200291_19","DE CORATO","RICCARDO","Diploma di istituto tecnico commerciale; Dipendente pubblico","19511101","ANDRIA","male","VICEPRESIDENTE","COMMISSIONE SPECIALE ISTITUITA IL 19 OTTOBRE 2022, AI SENSI DELL'ARTICOLO 22, COMMA 2, DEL REGOLAMENTO","20221024","20221109","LOMBARDIA 1 - P01",2023-03-06 12:01:23
"http://dati.camera.it/ocd/deputato.rdf/d200291_19","DE CORATO","RICCARDO","Diploma di istituto tecnico commerciale; Dipendente pubblico","19511101","ANDRIA","male","VICEPRESIDENTE","I COMMISSIONE (AFFARI COSTITUZIONALI, DELLA PRESIDENZA DEL CONSIGLIO E INTERNI)","20221109",,"LOMBARDIA 1 - P01",2023-03-06 12:01:23
"http://dati.camera.it/ocd/deputato.rdf/d300299_19","ORSINI","ANDREA GIORGIO FELICE MARIA","Diploma di liceo classico; Dirigente","19590923","MILANO","male","CAPOGRUPPO","III COMMISSIONE (AFFARI ESTERI E COMUNITARI)","20221110",,"LOMBARDIA 4 - P01",2023-03-15 12:00:35
"http://dati.camera.it/ocd/deputato.rdf/d300369_19","ROMANO","FRANCESCO SAVERIO","Laurea in giurisprudenza; Avvocato","19641224","PALERMO","male","CAPOGRUPPO","GIUNTA PER LE AUTORIZZAZIONI","20221118",,"SICILIA 1 - P01",2023-04-30 12:00:41
"http://dati.camera.it/ocd/deputato.rdf/d300369_19","ROMANO","FRANCESCO SAVERIO","Laurea in giurisprudenza; Avvocato","19641224","PALERMO","male","CAPOGRUPPO","V COMMISSIONE (BILANCIO, TESORO E PROGRAMMAZIONE)","20221109",,"SICILIA 1 - P01",2023-04-30 12:00:41
"http://dati.camera.it/ocd/deputato.rdf/d300447_19","LUPI","MAURIZIO ENZO","Laurea in scienze politiche; Dirigente di azienda privata","19591003","MILANO","male","CAPOGRUPPO","II COMMISSIONE (GIUSTIZIA)","20221109",,"LOMBARDIA 2 - P02",2023-04-30 12:00:26
"http://dati.camera.it/ocd/deputato.rdf/d300447_19","LUPI","MAURIZIO ENZO","Laurea in scienze politiche; Dirigente di azienda privata","19591003","MILANO","male","CAPOGRUPPO","CONFERENZA DEI PRESIDENTI DI GRUPPO","20221019",,"LOMBARDIA 2 - P02",2023-04-30 12:00:26
"http://dati.camera.it/ocd/deputato.rdf/d300469_19","ZANELLA","LUANA","Laurea in scienze politiche, Specializzazione in diritto del lavoro e della sicurezza sociale; Docente di discipline giuridiche ed economiche","19501004","VENEZIA","female","CAPOGRUPPO","COMMISSIONE SPECIALE ISTITUITA IL 19 OTTOBRE 2022, AI SENSI DELL'ARTICOLO 22, COMMA 2, DEL REGOLAMENTO","20221021","20221109","VENETO 2 - P02",2023-04-30 12:00:39
"http://dati.camera.it/ocd/deputato.rdf/d300469_19","ZANELLA","LUANA","Laurea in scienze politiche, Specializzazione in diritto del lavoro e della sicurezza sociale; Docente di discipline giuridiche ed economiche","19501004","VENEZIA","female","CAPOGRUPPO","CONFERENZA DEI PRESIDENTI DI GRUPPO","20221019",,"VENETO 2 - P02",2023-04-30 12:00:39
"http://dati.camera.it/ocd/deputato.rdf/d300469_19","ZANELLA","LUANA","Laurea in scienze politiche, Specializzazione in diritto del lavoro e della sicurezza sociale; Docente di discipline giuridiche ed economiche","19501004","VENEZIA","female","CAPOGRUPPO","XII COMMISSIONE (AFFARI SOCIALI)","20221109",,"VENETO 2 - P02",2023-04-30 12:00:39
"http://dati.camera.it/ocd/deputato.rdf/d300469_19","ZANELLA","LUANA","Laurea in scienze politiche, Specializzazione in diritto del lavoro e della sicurezza sociale; Docente di discipline giuridiche ed economiche","19501004","VENEZIA","female","VICEPRESIDENTE","XII COMMISSIONE (AFFARI SOCIALI)","20221109",,"VENETO 2 - P02",2023-04-30 12:00:39
"http://dati.camera.it/ocd/deputato.rdf/d300480_19","GIACHETTI","ROBERTO","Diploma di liceo scientifico; Giornalista professionista","19610424","ROMA","male","SEGRETARIO","COMITATO DI VIGILANZA SULL'ATTIVITA' DI DOCUMENTAZIONE","20230223",,"LAZIO 1 - P01",2023-03-06 12:00:25
"http://dati.camera.it/ocd/deputato.rdf/d300480_19","GIACHETTI","ROBERTO","Diploma di liceo scientifico; Giornalista professionista","19610424","ROMA","male","SEGRETARIO","UFFICIO DI PRESIDENZA","20221026",,"LAZIO 1 - P01",2023-03-06 12:00:25
"http://dati.camera.it/ocd/deputato.rdf/d300480_19","GIACHETTI","ROBERTO","Diploma di liceo scientifico; Giornalista professionista","19610424","ROMA","male","CAPOGRUPPO","I COMMISSIONE (AFFARI COSTITUZIONALI, DELLA PRESIDENZA DEL CONSIGLIO E INTERNI)","20221109",,"LAZIO 1 - P01",2023-03-06 12:00:25
"http://dati.camera.it/ocd/deputato.rdf/d300497_19","BARELLI","PAOLO","Diploma di liceo scientifico; Imprenditore","19540607","ROMA","male","CAPOGRUPPO","CONFERENZA DEI PRESIDENTI DI GRUPPO","20230328",,"LAZIO 1 - P02",2023-04-28 12:01:01
"http://dati.camera.it/ocd/deputato.rdf/d300674_19","ROSATO","ETTORE","Diploma di istituto tecnico commerciale; Dipendente di azienda privata","19680728","TRIESTE","male","PRESIDENTE","UFFICIO PROVVISORIO DI PRESIDENZA","20221013","20221014","CAMPANIA 1 - P02",2023-04-30 12:01:11
"http://dati.camera.it/ocd/deputato.rdf/d300674_19","ROSATO","ETTORE","Diploma di istituto tecnico commerciale; Dipendente di azienda privata","19680728","TRIESTE","male","SEGRETARIO","COMITATO PARLAMENTARE PER LA SICUREZZA DELLA REPUBBLICA","20221206",,"CAMPANIA 1 - P02",2023-04-30 12:01:11
"http://dati.camera.it/ocd/deputato.rdf/d300674_19","ROSATO","ETTORE","Diploma di istituto tecnico commerciale; Dipendente di azienda privata","19680728","TRIESTE","male","CAPOGRUPPO","III COMMISSIONE (AFFARI ESTERI E COMUNITARI)","20221109",,"CAMPANIA 1 - P02",2023-04-30 12:01:11
"http://dati.camera.it/ocd/deputato.rdf/d301436_19","RAMPELLI","FABIO","Laurea in architettura; Architetto","19600802","ROMA","male","VICEPRESIDENTE","UFFICIO DI PRESIDENZA","20221019",,"LAZIO 1 - P01",2023-04-30 12:00:50
"http://dati.camera.it/ocd/deputato.rdf/d301436_19","RAMPELLI","FABIO","Laurea in architettura; Architetto","19600802","ROMA","male","PRESIDENTE","COMITATO PER GLI AFFARI DEL PERSONALE","20230220",,"LAZIO 1 - P01",2023-04-30 12:00:50
"http://dati.camera.it/ocd/deputato.rdf/d301439_19","CESA","LORENZO","Laurea in scienze politiche; Parlamentare","19510816","ARCINAZZO ROMANO","male","CAPOGRUPPO","IX COMMISSIONE (TRASPORTI, POSTE E TELECOMUNICAZIONI)","20221109",,"MOLISE - P01",2023-04-30 12:00:38
"http://dati.camera.it/ocd/deputato.rdf/d301541_19","COSTA","ENRICO","Laurea in giurisprudenza; Avvocato","19691129","CUNEO","male","PRESIDENTE","GIUNTA PER LE AUTORIZZAZIONI","20221116",,"LOMBARDIA 1 - P02",2023-03-06 12:00:31
"http://dati.camera.it/ocd/deputato.rdf/d301541_19","COSTA","ENRICO","Laurea in giurisprudenza; Avvocato","19691129","CUNEO","male","CAPOGRUPPO","GIUNTA PER LE AUTORIZZAZIONI","20221118",,"LOMBARDIA 1 - P02",2023-03-06 12:00:31
"http://dati.camera.it/ocd/deputato.rdf/d301541_19","COSTA","ENRICO","Laurea in giurisprudenza; Avvocato","19691129","CUNEO","male","PRESIDENTE","COMITATO PARLAMENTARE PER I PROCEDIMENTI DI ACCUSA","20221116",,"LOMBARDIA 1 - P02",2023-03-06 12:00:31
"http://dati.camera.it/ocd/deputato.rdf/d301541_19","COSTA","ENRICO","Laurea in giurisprudenza; Avvocato","19691129","CUNEO","male","CAPOGRUPPO","II COMMISSIONE (GIUSTIZIA)","20221109",,"LOMBARDIA 1 - P02",2023-03-06 12:00:31
"http://dati.camera.it/ocd/deputato.rdf/d301558_19","GARDINI","ELISABETTA","Diploma di liceo classico, Diploma alla bottega teatrale di Firenze di VIttorio Gassman; Attrice di teatro","19560603","PADOVA","female","PRESIDENTE","DELEGAZIONE PARLAMENTARE PRESSO L'ASSEMBLEA DEL CONSIGLIO D'EUROPA (CDE)","20230413",,"VENETO 2 - P01",2023-04-30 12:00:33
"http://dati.camera.it/ocd/deputato.rdf/d301577_19","DELLA VEDOVA","BENEDETTO","Ricercatore; Economista","19620403","SONDRIO","male","CAPOGRUPPO","GIUNTA DELLE ELEZIONI","20221118",,"LOMBARDIA 1 - P01",2023-03-06 12:00:56
"http://dati.camera.it/ocd/deputato.rdf/d301577_19","DELLA VEDOVA","BENEDETTO","Ricercatore; Economista","19620403","SONDRIO","male","SEGRETARIO","COMITATO PER LA COMUNICAZIONE E L'INFORMAZIONE ESTERNA","20230220",,"LOMBARDIA 1 - P01",2023-03-06 12:00:56
"http://dati.camera.it/ocd/deputato.rdf/d301577_19","DELLA VEDOVA","BENEDETTO","Ricercatore; Economista","19620403","SONDRIO","male","SEGRETARIO","UFFICIO DI PRESIDENZA","20221108",,"LOMBARDIA 1 - P01",2023-03-06 12:00:56
"http://dati.camera.it/ocd/deputato.rdf/d301577_19","DELLA VEDOVA","BENEDETTO","Ricercatore; Economista","19620403","SONDRIO","male","CAPOGRUPPO","III COMMISSIONE (AFFARI ESTERI E COMUNITARI)","20221109",,"LOMBARDIA 1 - P01",2023-03-06 12:00:56
"http://dati.camera.it/ocd/deputato.rdf/d302080_19","BONELLI","ANGELO","Diploma di istituto tecnico per geometri","19620730","ROMA","male","CAPOGRUPPO","COMMISSIONE PARLAMENTARE PER L'INDIRIZZO GENERALE E LA VIGILANZA DEI SERVIZI RADIOTELEVISIVI","20230404",,"EMILIA-ROMAGNA - P02",2023-04-30 12:01:04
"http://dati.camera.it/ocd/deputato.rdf/d302080_19","BONELLI","ANGELO","Diploma di istituto tecnico per geometri","19620730","ROMA","male","CAPOGRUPPO","VIII COMMISSIONE (AMBIENTE, TERRITORIO E LAVORI PUBBLICI)","20221109",,"EMILIA-ROMAGNA - P02",2023-04-30 12:01:04
"http://dati.camera.it/ocd/deputato.rdf/d302080_19","BONELLI","ANGELO","Diploma di istituto tecnico per geometri","19620730","ROMA","male","SEGRETARIO","VIII COMMISSIONE (AMBIENTE, TERRITORIO E LAVORI PUBBLICI)","20221109",,"EMILIA-ROMAGNA - P02",2023-04-30 12:01:04
"http://dati.camera.it/ocd/deputato.rdf/d302746_19","PELUFFO","VINICIO GIUSEPPE GUIDO","Laurea in scienze giuridiche; Dirigente di partito","19710321","RHO","male","CAPOGRUPPO","X COMMISSIONE (ATTIVITA'  PRODUTTIVE, COMMERCIO E TURISMO)","20221109",,"LOMBARDIA 3 - P01",2023-03-15 12:00:27
"http://dati.camera.it/ocd/deputato.rdf/d302754_19","BRAGA","CHIARA","Laurea in pianificazione territoriale, urbanistica ed ambientale; Urbanista","19790902","COMO","female","CAPOGRUPPO","CONFERENZA DEI PRESIDENTI DI GRUPPO","20230328",,"LOMBARDIA 2 - P02",2023-04-30 12:01:04
"http://dati.camera.it/ocd/deputato.rdf/d302754_19","BRAGA","CHIARA","Laurea in pianificazione territoriale, urbanistica ed ambientale; Urbanista","19790902","COMO","female","SEGRETARIO","UFFICIO DI PRESIDENZA","20221019",,"LOMBARDIA 2 - P02",2023-04-30 12:01:04
"http://dati.camera.it/ocd/deputato.rdf/d302754_19","BRAGA","CHIARA","Laurea in pianificazione territoriale, urbanistica ed ambientale; Urbanista","19790902","COMO","female","SEGRETARIO","COMITATO PER GLI AFFARI DEL PERSONALE","20230220",,"LOMBARDIA 2 - P02",2023-04-30 12:01:04
"http://dati.camera.it/ocd/deputato.rdf/d302764_19","COMAROLI","SILVANA ANDREINA","Laurea in economia e commercio; Responsabile amministrativo","19670327","SONCINO","female","SEGRETARIO","COMMISSIONE SPECIALE ISTITUITA IL 19 OTTOBRE 2022, AI SENSI DELL'ARTICOLO 22, COMMA 2, DEL REGOLAMENTO","20221024","20221109","LOMBARDIA 4 - P01",2022-11-26 12:00:21
"http://dati.camera.it/ocd/deputato.rdf/d302764_19","COMAROLI","SILVANA ANDREINA","Laurea in economia e commercio; Responsabile amministrativo","19670327","SONCINO","female","SEGRETARIO","UFFICIO PROVVISORIO DI PRESIDENZA","20221013","20221014","LOMBARDIA 4 - P01",2022-11-26 12:00:21
"http://dati.camera.it/ocd/deputato.rdf/d302764_19","COMAROLI","SILVANA ANDREINA","Laurea in economia e commercio; Responsabile amministrativo","19670327","SONCINO","female","CAPOGRUPPO","V COMMISSIONE (BILANCIO, TESORO E PROGRAMMAZIONE)","20221109",,"LOMBARDIA 4 - P01",2022-11-26 12:00:21
"http://dati.camera.it/ocd/deputato.rdf/d302789_19","MADIA","MARIA ANNA","Laurea in scienze politiche, Dottorato di ricerca in economia; Parlamentare","19800905","ROMA","female","SEGRETARIO","XIV COMMISSIONE (POLITICHE DELL'UNIONE EUROPEA)","20221109","20221109","LAZIO 2 - P01",2022-11-10 12:01:24
"http://dati.camera.it/ocd/deputato.rdf/d302789_19","MADIA","MARIA ANNA","Laurea in scienze politiche, Dottorato di ricerca in economia; Parlamentare","19800905","ROMA","female","VICEPRESIDENTE","XIV COMMISSIONE (POLITICHE DELL'UNIONE EUROPEA)","20221109",,"LAZIO 2 - P01",2022-11-10 12:01:24
"http://dati.camera.it/ocd/deputato.rdf/d302794_19","MORASSUT","ROBERTO","Laurea in lettere moderne; Dirigente di partito","19631116","ROMA","male","VICEPRESIDENTE","IX COMMISSIONE (TRASPORTI, POSTE E TELECOMUNICAZIONI)","20221109",,"LAZIO 1 - P02",2023-04-11 12:01:21
"http://dati.camera.it/ocd/deputato.rdf/d302818_19","GRAZIANO","STEFANO","Laurea in ingegneria civile e ambientale; Ingegnere","19710913","AVERSA","male","CAPOGRUPPO","COMMISSIONE PARLAMENTARE PER L'INDIRIZZO GENERALE E LA VIGILANZA DEI SERVIZI RADIOTELEVISIVI","20230407",,"CAMPANIA 2 - P01",2023-04-12 12:00:32
"http://dati.camera.it/ocd/deputato.rdf/d302818_19","GRAZIANO","STEFANO","Laurea in ingegneria civile e ambientale; Ingegnere","19710913","AVERSA","male","CAPOGRUPPO","IV COMMISSIONE (DIFESA)","20221109",,"CAMPANIA 2 - P01",2023-04-12 12:00:32
"http://dati.camera.it/ocd/deputato.rdf/d302824_19","BITONCI","MASSIMO","Laurea in economia e commercio; Dottore commercialista, revisore contabile","19650624","PADOVA","male","CAPOGRUPPO","COMMISSIONE SPECIALE ISTITUITA IL 19 OTTOBRE 2022, AI SENSI DELL'ARTICOLO 22, COMMA 2, DEL REGOLAMENTO","20221021","20221107","VENETO 2 - P01",2022-11-26 12:01:06
"http://dati.camera.it/ocd/deputato.rdf/d302838_19","BRAMBILLA","MICHELA VITTORIA",,"19671026","LECCO","female","CAPOGRUPPO","XII COMMISSIONE (AFFARI SOCIALI)","20221109",,"SICILIA 1 - P02",2023-04-30 12:01:03
"http://dati.camera.it/ocd/deputato.rdf/d302856_19","DE MICHELI","PAOLA","Laurea in scienze politiche; Imprenditore agricolo, Dipendente di azienda privata","19730901","PIACENZA","female","VICEPRESIDENTE","X COMMISSIONE (ATTIVITA'  PRODUTTIVE, COMMERCIO E TURISMO)","20221109",,"EMILIA-ROMAGNA - P01",2022-11-12 12:00:24
"http://dati.camera.it/ocd/deputato.rdf/d302867_19","BERGAMINI","DEBORAH","Laurea in lingue e letterature straniere; Giornalista professionista, Vice Presidente del Gruppo PPE all'Assemblea del Consiglio d'Europa","19671024","VIAREGGIO","female","VICEPRESIDENTE","DELEGAZIONE PARLAMENTARE PRESSO L'ASSEMBLEA DEL CONSIGLIO D'EUROPA (CDE)","20230413",,"TOSCANA - P01",2023-04-28 12:00:40
"http://dati.camera.it/ocd/deputato.rdf/d302913_19","MINARDO","ANTONINO","Laurea in scienze politiche; Dirigente di azienda privata","19780205","MODICA","male","PRESIDENTE","IV COMMISSIONE (DIFESA)","20221109",,"SICILIA 2 - P03",2023-01-11 12:00:43
"http://dati.camera.it/ocd/deputato.rdf/d302980_19","MACCANTI","ELENA","Giornalista professionista","19710205","TORINO","female","CAPOGRUPPO","IX COMMISSIONE (TRASPORTI, POSTE E TELECOMUNICAZIONI)","20221109",,"PIEMONTE 1 - P01",2023-03-15 12:00:29
"http://dati.camera.it/ocd/deputato.rdf/d305549_19","BONAFE'","SIMONA","Laurea in scienze politiche","19730712","VARESE","female","CAPOGRUPPO","I COMMISSIONE (AFFARI COSTITUZIONALI, DELLA PRESIDENZA DEL CONSIGLIO E INTERNI)","20221109",,"TOSCANA - P03",2022-11-10 12:02:15
"http://dati.camera.it/ocd/deputato.rdf/d305553_19","GADDA","MARIA CHIARA","Laurea in ingegneria gestionale; Dipendente di azienda privata","19800206","TRADATE","female","VICEPRESIDENTE","XIII COMMISSIONE (AGRICOLTURA)","20221109",,"LOMBARDIA 2 - P02",2022-11-10 12:02:29
"http://dati.camera.it/ocd/deputato.rdf/d305580_19","GEBHARD","RENATE","Laurea in giurisprudenza; Avvocata.","19770502","BOLZANO/BOZEN","female","CAPOGRUPPO","VI COMMISSIONE (FINANZE)","20221109",,"TRENTINO-ALTO ADIGE/SÜDTIROL - P01",2022-11-10 12:01:47
"http://dati.camera.it/ocd/deputato.rdf/d305586_19","SCHULLIAN","MANFRED","Laurea in giurisprudenza; Avvocato amministrativista","19620309","BOLZANO/BOZEN","male","CAPOGRUPPO","XIII COMMISSIONE (AGRICOLTURA)","20221109",,"TRENTINO-ALTO ADIGE/SÜDTIROL - P01",2022-11-10 12:00:57
"http://dati.camera.it/ocd/deputato.rdf/d305586_19","SCHULLIAN","MANFRED","Laurea in giurisprudenza; Avvocato amministrativista","19620309","BOLZANO/BOZEN","male","CAPOGRUPPO","CONFERENZA DEI PRESIDENTI DI GRUPPO","20221019",,"TRENTINO-ALTO ADIGE/SÜDTIROL - P01",2022-11-10 12:00:57
"http://dati.camera.it/ocd/deputato.rdf/d305624_19","GUERINI","LORENZO","Laurea in scienze politiche; Consulente assicurativo","19661121","LODI","male","PRESIDENTE","COMITATO PARLAMENTARE PER LA SICUREZZA DELLA REPUBBLICA","20221206",,"LOMBARDIA 4 - P01",2023-03-06 12:00:53
"http://dati.camera.it/ocd/deputato.rdf/d305688_19","RIZZETTO","WALTER","Diploma di liceo classico","19750627","SAN VITO AL TAGLIAMENTO","male","PRESIDENTE","XI COMMISSIONE (LAVORO PUBBLICO E PRIVATO)","20221109",,"FRIULI-VENEZIA GIULIA - P01",2023-01-11 12:00:39
"http://dati.camera.it/ocd/deputato.rdf/d305698_19","DE MARIA","ANDREA","Diploma di liceo scientifico; Dirigente di partito","19661005","BAZZANO","male","SEGRETARIO","UFFICIO PROVVISORIO DI PRESIDENZA","20221013","20221014","EMILIA-ROMAGNA - P02",2022-11-10 12:01:56
"http://dati.camera.it/ocd/deputato.rdf/d305704_19","ASCANI","ANNA","Laurea in filosofia teoretica, morale, politica ed estetica; Dottoranda","19871017","CITTA' DI CASTELLO","female","VICEPRESIDENTE","UFFICIO DI PRESIDENZA","20221019",,"UMBRIA - P01",2023-03-06 12:00:29
"http://dati.camera.it/ocd/deputato.rdf/d305704_19","ASCANI","ANNA","Laurea in filosofia teoretica, morale, politica ed estetica; Dottoranda","19871017","CITTA' DI CASTELLO","female","PRESIDENTE","COMITATO DI VIGILANZA SULL'ATTIVITA' DI DOCUMENTAZIONE","20230223",,"UMBRIA - P01",2023-03-06 12:00:29
"http://dati.camera.it/ocd/deputato.rdf/d305708_19","RICHETTI","MATTEO","Diploma di liceo scientifico; Addetto alle pubbliche relazioni","19740803","SASSUOLO","male","CAPOGRUPPO","IV COMMISSIONE (DIFESA)","20221109",,"EMILIA-ROMAGNA - P01",2022-11-10 12:00:41
"http://dati.camera.it/ocd/deputato.rdf/d305708_19","RICHETTI","MATTEO","Diploma di liceo scientifico; Addetto alle pubbliche relazioni","19740803","SASSUOLO","male","CAPOGRUPPO","CONFERENZA DEI PRESIDENTI DI GRUPPO","20221019",,"EMILIA-ROMAGNA - P01",2022-11-10 12:00:41
"http://dati.camera.it/ocd/deputato.rdf/d305733_19","PASTORINO","LUCA","Laurea in economia aziendale; Funzionario amministrativo, Sindaco del Comune di Bogliasco","19710930","GENOVA","male","SEGRETARIO","UFFICIO PROVVISORIO DI PRESIDENZA","20221013","20221014","LIGURIA - P01",2023-03-16 12:00:46
"http://dati.camera.it/ocd/deputato.rdf/d305733_19","PASTORINO","LUCA","Laurea in economia aziendale; Funzionario amministrativo, Sindaco del Comune di Bogliasco","19710930","GENOVA","male","CAPOGRUPPO","IX COMMISSIONE (TRASPORTI, POSTE E TELECOMUNICAZIONI)","20221109",,"LIGURIA - P01",2023-03-16 12:00:46
"http://dati.camera.it/ocd/deputato.rdf/d305771_19","MANZI","IRENE","Laurea in giurisprudenza, Corsi e scritti di specializzazione e approfondimenti; Dipendente pubblico","19770816","MACERATA","female","CAPOGRUPPO","VII COMMISSIONE (CULTURA, SCIENZA E ISTRUZIONE)","20221109",,"MARCHE - P01",2022-11-26 12:00:53
"http://dati.camera.it/ocd/deputato.rdf/d305880_19","FRATOIANNI","NICOLA","Laurea in lettere e filosofia","19721004","PISA","male","CAPOGRUPPO","III COMMISSIONE (AFFARI ESTERI E COMUNITARI)","20221109",,"TOSCANA - P03",2023-04-30 12:00:58
"http://dati.camera.it/ocd/deputato.rdf/d305931_19","AMENDOLA","VINCENZO",,"19731222","NAPOLI","male","CAPOGRUPPO","III COMMISSIONE (AFFARI ESTERI E COMUNITARI)","20221109",,"BASILICATA - P01",2022-11-10 12:01:14
"http://dati.camera.it/ocd/deputato.rdf/d306008_19","GRIBAUDO","CHIARA","Educatrice e parlamentare","19810516","CUNEO","female","VICEPRESIDENTE","XI COMMISSIONE (LAVORO PUBBLICO E PRIVATO)","20221109",,"PIEMONTE 2 - P02",2022-11-10 12:00:46
"http://dati.camera.it/ocd/deputato.rdf/d306064_19","SOTTANELLI","GIULIO CESARE","Laurea in scienze della comunicazione e dell'amministrazione; Agente di assicurazione","19700410","ARBON","male","SEGRETARIO","GIUNTA DELLE ELEZIONI","20221116",,"ABRUZZO - P01",2023-03-25 12:00:32
"http://dati.camera.it/ocd/deputato.rdf/d306064_19","SOTTANELLI","GIULIO CESARE","Laurea in scienze della comunicazione e dell'amministrazione; Agente di assicurazione","19700410","ARBON","male","CAPOGRUPPO","GIUNTA DELLE ELEZIONI","20221118",,"ABRUZZO - P01",2023-03-25 12:00:32
"http://dati.camera.it/ocd/deputato.rdf/d306158_19","CASTIGLIONE","GIUSEPPE","Diploma di liceo classico; Giornalista","19631005","BRONTE","male","CAPOGRUPPO","XIII COMMISSIONE (AGRICOLTURA)","20221109",,"SICILIA 2 - P02",2022-11-10 12:01:52
"http://dati.camera.it/ocd/deputato.rdf/d306160_19","BOSCHI","MARIA ELENA","Laurea in giurisprudenza, Master in diritto societario; Avvocato in diritto societario","19810124","MONTEVARCHI","female","VICEPRESIDENTE","COMMISSIONE PARLAMENTARE PER L'INDIRIZZO GENERALE E LA VIGILANZA DEI SERVIZI RADIOTELEVISIVI","20230404",,"LAZIO 1 - P03",2023-04-05 12:00:35
"http://dati.camera.it/ocd/deputato.rdf/d306160_19","BOSCHI","MARIA ELENA","Laurea in giurisprudenza, Master in diritto societario; Avvocato in diritto societario","19810124","MONTEVARCHI","female","CAPOGRUPPO","VII COMMISSIONE (CULTURA, SCIENZA E ISTRUZIONE)","20221109",,"LAZIO 1 - P03",2023-04-05 12:00:35
"http://dati.camera.it/ocd/deputato.rdf/d306176_19","MAURI","MATTEO","Laurea in scienze politiche; Dirigente di partito","19700524","MILANO","male","VICEPRESIDENTE","I COMMISSIONE (AFFARI COSTITUZIONALI, DELLA PRESIDENZA DEL CONSIGLIO E INTERNI)","20221109",,"LOMBARDIA 1 - P02",2022-11-10 12:01:09
"http://dati.camera.it/ocd/deputato.rdf/d306189_19","QUARTAPELLE PROCOPIO","LIA","Dottorato di ricerca in economia; Ricercatrice","19820815","VARESE","female","VICEPRESIDENTE","III COMMISSIONE (AFFARI ESTERI E COMUNITARI)","20221109",,"LOMBARDIA 1 - P01",2022-11-10 12:02:40
"http://dati.camera.it/ocd/deputato.rdf/d306214_19","SQUERI","LUCA","Laurea in scienze giuridiche; Imprenditore","19611218","MILANO","male","CAPOGRUPPO","X COMMISSIONE (ATTIVITA'  PRODUTTIVE, COMMERCIO E TURISMO)","20221110",,"LOMBARDIA 3 - P02",2022-11-26 12:00:36
"http://dati.camera.it/ocd/deputato.rdf/d306214_19","SQUERI","LUCA","Laurea in scienze giuridiche; Imprenditore","19611218","MILANO","male","SEGRETARIO","X COMMISSIONE (ATTIVITA'  PRODUTTIVE, COMMERCIO E TURISMO)","20221109",,"LOMBARDIA 3 - P02",2022-11-26 12:00:36
"http://dati.camera.it/ocd/deputato.rdf/d306272_19","ZAN","ALESSANDRO","Ingegnere delle telecomunicazioni","19731004","PADOVA","male","SEGRETARIO","II COMMISSIONE (GIUSTIZIA)","20221109",,"VENETO 2 - P01",2022-11-10 12:02:06
"http://dati.camera.it/ocd/deputato.rdf/d306349_19","CANDIANI","STEFANO","Diploma di liceo scientifico; IMPRENDITORE PER PACKAGING PER L' INDUSTRIA COSMETICA E PROFUMIERA","19711211","BUSTO ARSIZIO","male","CAPOGRUPPO","GIUNTA DELLE ELEZIONI","20221118",,"LOMBARDIA 2 - P01",2023-04-05 12:00:38
"http://dati.camera.it/ocd/deputato.rdf/d306349_19","CANDIANI","STEFANO","Diploma di liceo scientifico; IMPRENDITORE PER PACKAGING PER L' INDUSTRIA COSMETICA E PROFUMIERA","19711211","BUSTO ARSIZIO","male","SEGRETARIO","COMMISSIONE PARLAMENTARE PER L'INDIRIZZO GENERALE E LA VIGILANZA DEI SERVIZI RADIOTELEVISIVI","20230404",,"LOMBARDIA 2 - P01",2023-04-05 12:00:38
"http://dati.camera.it/ocd/deputato.rdf/d306349_19","CANDIANI","STEFANO","Diploma di liceo scientifico; IMPRENDITORE PER PACKAGING PER L' INDUSTRIA COSMETICA E PROFUMIERA","19711211","BUSTO ARSIZIO","male","CAPOGRUPPO","XIV COMMISSIONE (POLITICHE DELL'UNIONE EUROPEA)","20221109",,"LOMBARDIA 2 - P01",2023-04-05 12:00:38
"http://dati.camera.it/ocd/deputato.rdf/d306379_19","DE MONTE","ISABELLA","Laurea in giurisprudenza; Dipendente pubblico","19710623","UDINE","female","VICEPRESIDENTE","XIV COMMISSIONE (POLITICHE DELL'UNIONE EUROPEA)","20221109","20221109","FRIULI-VENEZIA GIULIA - P01",2023-04-19 12:00:56
"http://dati.camera.it/ocd/deputato.rdf/d306379_19","DE MONTE","ISABELLA","Laurea in giurisprudenza; Dipendente pubblico","19710623","UDINE","female","CAPOGRUPPO","XIV COMMISSIONE (POLITICHE DELL'UNIONE EUROPEA)","20221109",,"FRIULI-VENEZIA GIULIA - P01",2023-04-19 12:00:56
"http://dati.camera.it/ocd/deputato.rdf/d306379_19","DE MONTE","ISABELLA","Laurea in giurisprudenza; Dipendente pubblico","19710623","UDINE","female","SEGRETARIO","XIV COMMISSIONE (POLITICHE DELL'UNIONE EUROPEA)","20221109",,"FRIULI-VENEZIA GIULIA - P01",2023-04-19 12:00:56
"http://dati.camera.it/ocd/deputato.rdf/d306382_19","DEL BARBA","MAURO","Laurea in scienze dell'informazione","19700720","MORBEGNO","male","CAPOGRUPPO","VI COMMISSIONE (FINANZE)","20221109",,"LOMBARDIA 4 - P01",2022-11-10 12:01:31
"http://dati.camera.it/ocd/deputato.rdf/d306382_19","DEL BARBA","MAURO","Laurea in scienze dell'informazione","19700720","MORBEGNO","male","SEGRETARIO","VI COMMISSIONE (FINANZE)","20221109",,"LOMBARDIA 4 - P01",2022-11-10 12:01:31
"http://dati.camera.it/ocd/deputato.rdf/d306398_19","FORNARO","FEDERICO","Laurea in scienze politiche; Dirigente di azienda","19621209","GENOVA","male","PRESIDENTE","GIUNTA DELLE ELEZIONI","20221116",,"PIEMONTE 2 - P01",2023-03-06 12:00:58
"http://dati.camera.it/ocd/deputato.rdf/d306412_19","GUERRA","MARIA CECILIA","Dottorato di ricerca in economia politica; Professoressa ordinaria di scienza delle finanze","19571206","NONANTOLA","female","VICEPRESIDENTE","COMMISSIONE SPECIALE ISTITUITA IL 19 OTTOBRE 2022, AI SENSI DELL'ARTICOLO 22, COMMA 2, DEL REGOLAMENTO","20221024","20221109","PIEMONTE 1 - P01",2022-11-26 12:01:00
"http://dati.camera.it/ocd/deputato.rdf/d306497_19","VACCARI","STEFANO","Diploma di istituto tecnico industriale; Dirigente di azienda privata","19670410","MODENA","male","CAPOGRUPPO","XIII COMMISSIONE (AGRICOLTURA)","20221109",,"EMILIA-ROMAGNA - P02",2022-11-10 12:02:04
"http://dati.camera.it/ocd/deputato.rdf/d306521_19","ZARATTI","FILIBERTO","Laurea in scienze politiche; Consulente aziendale","19560326","ROMA","male","SEGRETARIO","COMITATO PER GLI AFFARI DEL PERSONALE","20230220",,"LAZIO 1 - P01",2023-04-30 12:00:55
"http://dati.camera.it/ocd/deputato.rdf/d306521_19","ZARATTI","FILIBERTO","Laurea in scienze politiche; Consulente aziendale","19560326","ROMA","male","SEGRETARIO","UFFICIO DI PRESIDENZA","20221026",,"LAZIO 1 - P01",2023-04-30 12:00:55
"http://dati.camera.it/ocd/deputato.rdf/d306521_19","ZARATTI","FILIBERTO","Laurea in scienze politiche; Consulente aziendale","19560326","ROMA","male","CAPOGRUPPO","I COMMISSIONE (AFFARI COSTITUZIONALI, DELLA PRESIDENZA DEL CONSIGLIO E INTERNI)","20221109",,"LAZIO 1 - P01",2023-04-30 12:00:55
"http://dati.camera.it/ocd/deputato.rdf/d307130_19","MULE'","GIORGIO","Laurea in scienze della comunicazione; Giornalista professionista","19680425","CALTANISSETTA","male","VICEPRESIDENTE","UFFICIO DI PRESIDENZA","20221019",,"SICILIA 1 - P01",2023-04-30 12:00:25
"http://dati.camera.it/ocd/deputato.rdf/d307130_19","MULE'","GIORGIO","Laurea in scienze della comunicazione; Giornalista professionista","19680425","CALTANISSETTA","male","PRESIDENTE","COMITATO PER LA COMUNICAZIONE E L'INFORMAZIONE ESTERNA","20230220",,"SICILIA 1 - P01",2023-04-30 12:00:25
"http://dati.camera.it/ocd/deputato.rdf/d307132_19","TRAVERSI","ROBERTO","Laurea in architettura; Architetto, Giornalista pubblicista, Architetto edile","19691201","MILANO","male","SEGRETARIO","UFFICIO DI PRESIDENZA","20221019",,"LIGURIA - P01",2023-03-16 12:00:52
"http://dati.camera.it/ocd/deputato.rdf/d307134_19","BAGNASCO","ROBERTO","Laurea in farmacia, Master in bioetica; Farmacista","19500407","NOVI LIGURE","male","CAPOGRUPPO","IV COMMISSIONE (DIFESA)","20221110",,"LIGURIA - P01",2022-11-11 12:00:58
"http://dati.camera.it/ocd/deputato.rdf/d307142_19","ZUCCONI","RICCARDO","Diploma di liceo scientifico; Imprenditore","19560926","CAMAIORE","male","SEGRETARIO","UFFICIO DI PRESIDENZA","20221019",,"TOSCANA - P01",2023-03-16 12:00:22
"http://dati.camera.it/ocd/deputato.rdf/d307142_19","ZUCCONI","RICCARDO","Diploma di liceo scientifico; Imprenditore","19560926","CAMAIORE","male","PRESIDENTE","COMITATO CONSULTIVO SULLA CONDOTTA DEI DEPUTATI","20230314",,"TOSCANA - P01",2023-03-16 12:00:22
"http://dati.camera.it/ocd/deputato.rdf/d307151_19","BILLI","SIMONE","Laurea in ingegneria industriale; manager aziendale","19760211","FIRENZE","male","CAPOGRUPPO","III COMMISSIONE (AFFARI ESTERI E COMUNITARI)","20221110",,"EUROPA",2023-03-06 12:01:13
"http://dati.camera.it/ocd/deputato.rdf/d307162_19","CAIATA","SALVATORE","Laurea in scienze dell'economia; Imprenditore","19700729","POTENZA","male","PRESIDENTE","DELEGAZIONE PRESSO L'ASSEMBLEA PARLAMENTARE DELLA INIZIATIVA CENTRO EUROPEA (INCE)","20230419",,"BASILICATA - P01",2023-04-30 12:00:53
"http://dati.camera.it/ocd/deputato.rdf/d307162_19","CAIATA","SALVATORE","Laurea in scienze dell'economia; Imprenditore","19700729","POTENZA","male","SEGRETARIO","III COMMISSIONE (AFFARI ESTERI E COMUNITARI)","20221109",,"BASILICATA - P01",2023-04-30 12:00:53
"http://dati.camera.it/ocd/deputato.rdf/d307173_19","LATINI","GIORGIA","Laurea in giurisprudenza; Assessore comunale; Assessore regionale, Avvocato","19800418","FABRIANO","female","VICEPRESIDENTE","VII COMMISSIONE (CULTURA, SCIENZA E ISTRUZIONE)","20221109",,"MARCHE - P01",2022-11-10 12:00:48
"http://dati.camera.it/ocd/deputato.rdf/d307185_19","FASCINA","MARTA ANTONIA","Laurea in lettere e filosofia; Addetto stampa","19900109","MELITO DI PORTO SALVO","female","SEGRETARIO","IV COMMISSIONE (DIFESA)","20221109",,"SICILIA 1 - P02",2022-11-10 12:00:29
"http://dati.camera.it/ocd/deputato.rdf/d307202_19","SPORTIELLO","GILDA","Laurea in scienze dell'educazione; Educatrice","19870219","NAPOLI","female","CAPOGRUPPO","XII COMMISSIONE (AFFARI SOCIALI)","20221109","20230124","CAMPANIA 1 - P01",2023-03-06 12:00:44
"http://dati.camera.it/ocd/deputato.rdf/d307202_19","SPORTIELLO","GILDA","Laurea in scienze dell'educazione; Educatrice","19870219","NAPOLI","female","SEGRETARIO","UFFICIO DI PRESIDENZA","20221019",,"CAMPANIA 1 - P01",2023-03-06 12:00:44
"http://dati.camera.it/ocd/deputato.rdf/d307202_19","SPORTIELLO","GILDA","Laurea in scienze dell'educazione; Educatrice","19870219","NAPOLI","female","SEGRETARIO","COMITATO DI VIGILANZA SULL'ATTIVITA' DI DOCUMENTAZIONE","20230223",,"CAMPANIA 1 - P01",2023-03-06 12:00:44
"http://dati.camera.it/ocd/deputato.rdf/d307215_19","CAPPELLACCI","UGO","Laurea in economia e commercio;  Docente universitario, Commercialista.","19601127","CAGLIARI","male","PRESIDENTE","XII COMMISSIONE (AFFARI SOCIALI)","20221109",,"SARDEGNA - P01",2023-01-11 12:01:11
"http://dati.camera.it/ocd/deputato.rdf/d307219_19","DEIDDA","SALVATORE","Diploma di istituto tecnico agrario; Funzionario consorzio di bonifica Sardegna meridionale, Imprenditore agricolo non a titolo principale","19761007","CAGLIARI","male","PRESIDENTE","IX COMMISSIONE (TRASPORTI, POSTE E TELECOMUNICAZIONI)","20221109",,"SARDEGNA - P01",2023-01-11 12:00:32
"http://dati.camera.it/ocd/deputato.rdf/d307223_19","PITTALIS","PIETRO","Laurea in giurisprudenza; Avvocato patrocinante presso le Magistrature superiori","19580430","CHARLEROI","male","CAPOGRUPPO","GIUNTA DELLE ELEZIONI","20221118",,"SARDEGNA - P01",2023-03-20 12:01:16
"http://dati.camera.it/ocd/deputato.rdf/d307223_19","PITTALIS","PIETRO","Laurea in giurisprudenza; Avvocato patrocinante presso le Magistrature superiori","19580430","CHARLEROI","male","CAPOGRUPPO","GIUNTA PER LE AUTORIZZAZIONI","20221118",,"SARDEGNA - P01",2023-03-20 12:01:16
"http://dati.camera.it/ocd/deputato.rdf/d307223_19","PITTALIS","PIETRO","Laurea in giurisprudenza; Avvocato patrocinante presso le Magistrature superiori","19580430","CHARLEROI","male","VICEPRESIDENTE","II COMMISSIONE (GIUSTIZIA)","20221109",,"SARDEGNA - P01",2023-03-20 12:01:16
"http://dati.camera.it/ocd/deputato.rdf/d307234_19","TORTO","DANIELA","Laurea in conservatorio (pianoforte); Insegnante di musica","19850818","CHIETI","female","SEGRETARIO","COMMISSIONE SPECIALE ISTITUITA IL 19 OTTOBRE 2022, AI SENSI DELL'ARTICOLO 22, COMMA 2, DEL REGOLAMENTO","20221024","20221109","ABRUZZO - P01",2022-11-26 12:00:37
"http://dati.camera.it/ocd/deputato.rdf/d307234_19","TORTO","DANIELA","Laurea in conservatorio (pianoforte); Insegnante di musica","19850818","CHIETI","female","CAPOGRUPPO","V COMMISSIONE (BILANCIO, TESORO E PROGRAMMAZIONE)","20221109",,"ABRUZZO - P01",2022-11-26 12:00:37
"http://dati.camera.it/ocd/deputato.rdf/d307246_19","DONZELLI","GIOVANNI",,"19751128","FIRENZE","male","VICEPRESIDENTE","COMITATO PARLAMENTARE PER LA SICUREZZA DELLA REPUBBLICA","20221206",,"TOSCANA - P03",2023-03-06 12:01:31
"http://dati.camera.it/ocd/deputato.rdf/d307246_19","DONZELLI","GIOVANNI",,"19751128","FIRENZE","male","SEGRETARIO","UFFICIO DI PRESIDENZA","20221019",,"TOSCANA - P03",2023-03-06 12:01:31
"http://dati.camera.it/ocd/deputato.rdf/d307246_19","DONZELLI","GIOVANNI",,"19751128","FIRENZE","male","SEGRETARIO","COMITATO PER LA COMUNICAZIONE E L'INFORMAZIONE ESTERNA","20230220",,"TOSCANA - P03",2023-03-06 12:01:31
"http://dati.camera.it/ocd/deputato.rdf/d307285_19","CAVANDOLI","LAURA","Dottorato di ricerca; Avvocato","19711215","PARMA","female","CAPOGRUPPO","GIUNTA PER LE AUTORIZZAZIONI","20221117",,"EMILIA-ROMAGNA - P01",2023-03-06 12:00:52
"http://dati.camera.it/ocd/deputato.rdf/d307300_19","MORRONE","JACOPO","Laurea in giurisprudenza; Avvocato","19830123","FORLI'","male","SEGRETARIO","II COMMISSIONE (GIUSTIZIA)","20221109",,"EMILIA-ROMAGNA - P03",2022-11-10 12:02:21
"http://dati.camera.it/ocd/deputato.rdf/d307302_19","ASCARI","STEFANIA","Laurea in giurisprudenza, Corsi e scritti di specializzazione e approfondimenti; Avvocata penalista ed esperta in diritto dell'immigrazione","19800303","CORREGGIO","female","CAPOGRUPPO","GIUNTA DELLE ELEZIONI","20221118",,"EMILIA-ROMAGNA - P02",2023-03-06 12:01:35
"http://dati.camera.it/ocd/deputato.rdf/d307304_19","PAGANO","UBALDO","Laurea in giurisprudenza; Avvocato civilista e amministrativista","19790516","BARI","male","CAPOGRUPPO","COMMISSIONE SPECIALE ISTITUITA IL 19 OTTOBRE 2022, AI SENSI DELL'ARTICOLO 22, COMMA 2, DEL REGOLAMENTO","20221021","20221109","PUGLIA - P03",2022-11-26 12:01:04
"http://dati.camera.it/ocd/deputato.rdf/d307304_19","PAGANO","UBALDO","Laurea in giurisprudenza; Avvocato civilista e amministrativista","19790516","BARI","male","CAPOGRUPPO","V COMMISSIONE (BILANCIO, TESORO E PROGRAMMAZIONE)","20221109",,"PUGLIA - P03",2022-11-26 12:01:04
"http://dati.camera.it/ocd/deputato.rdf/d307306_19","ROSSI","ANDREA","Diploma di istituto tecnico industriale; già Sindaco di Casalgrande; già Sottosegretario alla presidenza giunta regionale dell'Emilia Romagna","19761009","SCANDIANO","male","SEGRETARIO","XIII COMMISSIONE (AGRICOLTURA)","20221109",,"EMILIA-ROMAGNA - P01",2022-11-10 12:01:01
"http://dati.camera.it/ocd/deputato.rdf/d307308_19","LACARRA","MARCO","Laurea in giurisprudenza; Avvocato civilista","19620804","BARI","male","SEGRETARIO","GIUNTA PER LE AUTORIZZAZIONI","20221116",,"PUGLIA - P02",2023-03-06 12:01:28
"http://dati.camera.it/ocd/deputato.rdf/d307308_19","LACARRA","MARCO","Laurea in giurisprudenza; Avvocato civilista","19620804","BARI","male","SEGRETARIO","COMITATO PARLAMENTARE PER I PROCEDIMENTI DI ACCUSA","20221116",,"PUGLIA - P02",2023-03-06 12:01:28
"http://dati.camera.it/ocd/deputato.rdf/d307328_19","MARATTIN","LUIGI","Laurea in economia delle amministrazioni pubbliche e delle istituzioni internazionalili, Dottorato di ricerca, Master; Professore associato","19790220","NAPOLI","male","CAPOGRUPPO","COMMISSIONE SPECIALE ISTITUITA IL 19 OTTOBRE 2022, AI SENSI DELL'ARTICOLO 22, COMMA 2, DEL REGOLAMENTO","20221021","20221109","PIEMONTE 2 - P02",2022-11-26 12:00:31
"http://dati.camera.it/ocd/deputato.rdf/d307328_19","MARATTIN","LUIGI","Laurea in economia delle amministrazioni pubbliche e delle istituzioni internazionalili, Dottorato di ricerca, Master; Professore associato","19790220","NAPOLI","male","CAPOGRUPPO","V COMMISSIONE (BILANCIO, TESORO E PROGRAMMAZIONE)","20221109",,"PIEMONTE 2 - P02",2022-11-26 12:00:31
"http://dati.camera.it/ocd/deputato.rdf/d307334_19","VINCI","GIANLUCA","Laurea in giurisprudenza; Avvocato penalista","19800528","REGGIO NELL'EMILIA","male","SEGRETARIO","GIUNTA DELLE ELEZIONI","20221116",,"EMILIA-ROMAGNA - P02",2023-03-06 12:01:14
"http://dati.camera.it/ocd/deputato.rdf/d307340_19","LUCASELLI","YLENJA","Laurea in giurisprudenza; Avvocato penalista","19760422","TARANTO","female","SEGRETARIO","GIUNTA PER LE AUTORIZZAZIONI","20221116",,"EMILIA-ROMAGNA - P01",2023-04-29 12:01:06
"http://dati.camera.it/ocd/deputato.rdf/d307340_19","LUCASELLI","YLENJA","Laurea in giurisprudenza; Avvocato penalista","19760422","TARANTO","female","SEGRETARIO","COMITATO PARLAMENTARE PER I PROCEDIMENTI DI ACCUSA","20221116",,"EMILIA-ROMAGNA - P01",2023-04-29 12:01:06
"http://dati.camera.it/ocd/deputato.rdf/d307340_19","LUCASELLI","YLENJA","Laurea in giurisprudenza; Avvocato penalista","19760422","TARANTO","female","CAPOGRUPPO","V COMMISSIONE (BILANCIO, TESORO E PROGRAMMAZIONE)","20221109",,"EMILIA-ROMAGNA - P01",2023-04-29 12:01:06
"http://dati.camera.it/ocd/deputato.rdf/d307356_19","LOVECCHIO","GIORGIO","Diploma di ragioniere programmatore; Imprenditore","19780305","FOGGIA","male","VICEPRESIDENTE","VI COMMISSIONE (FINANZE)","20221109",,"PUGLIA - P01",2022-11-26 12:00:49
"http://dati.camera.it/ocd/deputato.rdf/d307360_19","SASSO","ROSSANO","Insegnante","19750618","BARI","male","CAPOGRUPPO","VII COMMISSIONE (CULTURA, SCIENZA E ISTRUZIONE)","20221109",,"PUGLIA - P03",2022-11-10 12:01:37
"http://dati.camera.it/ocd/deputato.rdf/d307370_19","GIULIANO","CARLA","Laurea in giurisprudenza;  Avvocato","19830402","SAN SEVERO","female","CAPOGRUPPO","GIUNTA PER LE AUTORIZZAZIONI","20221110",,"PUGLIA - P01",2023-03-06 12:01:27
"http://dati.camera.it/ocd/deputato.rdf/d307374_19","SERRACCHIANI","DEBORA","Laurea in giurisprudenza; Avvocato lavorista","19701110","ROMA","female","CAPOGRUPPO","CONFERENZA DEI PRESIDENTI DI GRUPPO","20221019","20230328","FRIULI-VENEZIA GIULIA - P01",2023-04-30 12:00:18
"http://dati.camera.it/ocd/deputato.rdf/d307376_19","PANIZZUT","MASSIMILIANO","Diploma di istituto tecnico industriale; Collaboratore","19681210","MILANO","male","CAPOGRUPPO","XII COMMISSIONE (AFFARI SOCIALI)","20221109",,"FRIULI-VENEZIA GIULIA - P01",2023-03-06 12:01:35
"http://dati.camera.it/ocd/deputato.rdf/d307388_19","D'ORSO","VALENTINA","Laurea in giurisprudenza; Diploma di specializzazione per le professioni legali, Avvocato","19800729","PALERMO","female","CAPOGRUPPO","II COMMISSIONE (GIUSTIZIA)","20221109",,"SICILIA 1 - P01",2022-11-10 12:02:23
"http://dati.camera.it/ocd/deputato.rdf/d307394_19","AIELLO","DAVIDE","Laurea magistrale in giurisprudenza; Parlamentare","19851031","PALERMO","male","CAPOGRUPPO","XI COMMISSIONE (LAVORO PUBBLICO E PRIVATO)","20221109","20230329","SICILIA 1 - P01",2023-03-30 12:00:24
"http://dati.camera.it/ocd/deputato.rdf/d307400_19","VARCHI","MARIA CAROLINA","Avvocato penalista","19831014","PALERMO","female","CAPOGRUPPO","II COMMISSIONE (GIUSTIZIA)","20221109",,"SICILIA 1 - P01",2023-03-16 12:00:50
"http://dati.camera.it/ocd/deputato.rdf/d307416_19","CANTONE","LUCIANO","Diploma di perito tecnico aeronautico; Dipendente di azienda privata","19870524","CATANIA","male","SEGRETARIO","IX COMMISSIONE (TRASPORTI, POSTE E TELECOMUNICAZIONI)","20221109",,"SICILIA 2 - P02",2022-11-10 12:01:20
"http://dati.camera.it/ocd/deputato.rdf/d307418_19","SCERRA","FILIPPO","Laurea in ingegneria chimica; Quadro intermedio","19780325","CATANIA","male","QUESTORE","COLLEGIO DEI QUESTORI","20221019",,"SICILIA 2 - P03",2023-04-12 12:00:37
"http://dati.camera.it/ocd/deputato.rdf/d307418_19","SCERRA","FILIPPO","Laurea in ingegneria chimica; Quadro intermedio","19780325","CATANIA","male","QUESTORE","UFFICIO DI PRESIDENZA","20221019",,"SICILIA 2 - P03",2023-04-12 12:00:37
"http://dati.camera.it/ocd/deputato.rdf/d307418_19","SCERRA","FILIPPO","Laurea in ingegneria chimica; Quadro intermedio","19780325","CATANIA","male","QUESTORE","COMITATO PER GLI AFFARI DEL PERSONALE","20230220",,"SICILIA 2 - P03",2023-04-12 12:00:37
"http://dati.camera.it/ocd/deputato.rdf/d307418_19","SCERRA","FILIPPO","Laurea in ingegneria chimica; Quadro intermedio","19780325","CATANIA","male","QUESTORE","COMITATO DI VIGILANZA SULL'ATTIVITA' DI DOCUMENTAZIONE","20230223",,"SICILIA 2 - P03",2023-04-12 12:00:37
"http://dati.camera.it/ocd/deputato.rdf/d307418_19","SCERRA","FILIPPO","Laurea in ingegneria chimica; Quadro intermedio","19780325","CATANIA","male","QUESTORE","COMITATO PER LA SICUREZZA","20230220",,"SICILIA 2 - P03",2023-04-12 12:00:37
"http://dati.camera.it/ocd/deputato.rdf/d307418_19","SCERRA","FILIPPO","Laurea in ingegneria chimica; Quadro intermedio","19780325","CATANIA","male","QUESTORE","COMITATO PER LA COMUNICAZIONE E L'INFORMAZIONE ESTERNA","20230220",,"SICILIA 2 - P03",2023-04-12 12:00:37
"http://dati.camera.it/ocd/deputato.rdf/d307424_19","MOLLICONE","FEDERICO","Diploma di liceo scientifico; Consulente Comunicazione e Organizzazione culturale","19701123","ROMA","male","PRESIDENTE","VII COMMISSIONE (CULTURA, SCIENZA E ISTRUZIONE)","20221109",,"LAZIO 1 - P01",2023-01-11 12:00:44
"http://dati.camera.it/ocd/deputato.rdf/d307435_19","BALDINO","VITTORIA","Avvocato","19880528","ROSSANO","female","SEGRETARIO","IV COMMISSIONE (DIFESA)","20221109",,"CALABRIA - P01",2022-11-10 12:02:26
"http://dati.camera.it/ocd/deputato.rdf/d307436_19","MAGI","RICCARDO","Laurea in scienze storiche; già Segretario Radicali italiani, Presidente di +Europa","19760807","ROMA","male","CAPOGRUPPO","I COMMISSIONE (AFFARI COSTITUZIONALI, DELLA PRESIDENZA DEL CONSIGLIO E INTERNI)","20221109",,"PIEMONTE 1 - P01",2022-11-10 12:00:35
"http://dati.camera.it/ocd/deputato.rdf/d307447_19","SILVESTRI","FRANCESCO","Diploma di istituto tecnico commerciale","19810408","ROMA","male","CAPOGRUPPO","CONFERENZA DEI PRESIDENTI DI GRUPPO","20221019",,"LAZIO 1 - P03",2022-11-10 12:00:25
"http://dati.camera.it/ocd/deputato.rdf/d307454_19","NEVI","RAFFAELE","Laurea in scienze politiche; Imprenditore agricolo","19730309","NARNI","male","CAPOGRUPPO","XIII COMMISSIONE (AGRICOLTURA)","20221110",,"UMBRIA - P01",2023-04-06 12:00:22
"http://dati.camera.it/ocd/deputato.rdf/d307454_19","NEVI","RAFFAELE","Laurea in scienze politiche; Imprenditore agricolo","19730309","NARNI","male","SEGRETARIO","XIII COMMISSIONE (AGRICOLTURA)","20221109",,"UMBRIA - P01",2023-04-06 12:00:22
"http://dati.camera.it/ocd/deputato.rdf/d307455_19","ROTELLI","MAURO","Laurea in economia aziendale, Laurea in scienze politiche; Responsabile marketing e comunicazione","19710402","VITERBO","male","PRESIDENTE","VIII COMMISSIONE (AMBIENTE, TERRITORIO E LAVORI PUBBLICI)","20221109",,"LAZIO 2 - P01",2023-01-11 12:00:46
"http://dati.camera.it/ocd/deputato.rdf/d307457_19","TRANCASSINI","PAOLO","Laurea in giurisprudenza; Avvocato civilista","19630629","ROMA","male","QUESTORE","COLLEGIO DEI QUESTORI","20221019",,"LAZIO 2 - P01",2023-04-30 12:00:22
"http://dati.camera.it/ocd/deputato.rdf/d307457_19","TRANCASSINI","PAOLO","Laurea in giurisprudenza; Avvocato civilista","19630629","ROMA","male","QUESTORE","UFFICIO DI PRESIDENZA","20221019",,"LAZIO 2 - P01",2023-04-30 12:00:22
"http://dati.camera.it/ocd/deputato.rdf/d307457_19","TRANCASSINI","PAOLO","Laurea in giurisprudenza; Avvocato civilista","19630629","ROMA","male","QUESTORE","COMITATO PER GLI AFFARI DEL PERSONALE","20230220",,"LAZIO 2 - P01",2023-04-30 12:00:22
"http://dati.camera.it/ocd/deputato.rdf/d307457_19","TRANCASSINI","PAOLO","Laurea in giurisprudenza; Avvocato civilista","19630629","ROMA","male","QUESTORE","COMITATO DI VIGILANZA SULL'ATTIVITA' DI DOCUMENTAZIONE","20230223",,"LAZIO 2 - P01",2023-04-30 12:00:22
"http://dati.camera.it/ocd/deputato.rdf/d307457_19","TRANCASSINI","PAOLO","Laurea in giurisprudenza; Avvocato civilista","19630629","ROMA","male","QUESTORE","COMITATO PER LA SICUREZZA","20230220",,"LAZIO 2 - P01",2023-04-30 12:00:22
"http://dati.camera.it/ocd/deputato.rdf/d307457_19","TRANCASSINI","PAOLO","Laurea in giurisprudenza; Avvocato civilista","19630629","ROMA","male","QUESTORE","COMITATO PER LA COMUNICAZIONE E L'INFORMAZIONE ESTERNA","20230220",,"LAZIO 2 - P01",2023-04-30 12:00:22
"http://dati.camera.it/ocd/deputato.rdf/d307459_19","FONTANA","ILARIA","Laurea in scienze biologiche; Sottosegretario al Ministero della transizione ecologica (dal 01/03/2021)","19840626","ALATRI","female","CAPOGRUPPO","VIII COMMISSIONE (AMBIENTE, TERRITORIO E LAVORI PUBBLICI)","20221109",,"LAZIO 2 - P02",2022-11-10 12:02:22
"http://dati.camera.it/ocd/deputato.rdf/d307463_19","LOLLOBRIGIDA","FRANCESCO","Laurea in giurisprudenza","19720321","TIVOLI","male","CAPOGRUPPO","CONFERENZA DEI PRESIDENTI DI GRUPPO","20221019","20221109","LAZIO 2 - P02",2022-11-12 12:00:54
"http://dati.camera.it/ocd/deputato.rdf/d307464_19","MONTARULI","AUGUSTA","Laurea in giurisprudenza; Avvocato","19830914","TORINO","female","VICEPRESIDENTE","COMMISSIONE PARLAMENTARE PER L'INDIRIZZO GENERALE E LA VIGILANZA DEI SERVIZI RADIOTELEVISIVI","20230404",,"PIEMONTE 1 - P01",2023-04-28 12:01:03
"http://dati.camera.it/ocd/deputato.rdf/d307471_19","BENVENUTO","ALESSANDRO MANUEL","Laurea in scienze politiche; Parlamentare; già Consigliere regionale del Piemonte; già Consigliere comunale città di Venaria Reale","19860723","VENARIA REALE","male","QUESTORE","COLLEGIO DEI QUESTORI","20221019",,"PIEMONTE 1 - P02",2023-04-21 12:00:47
"http://dati.camera.it/ocd/deputato.rdf/d307471_19","BENVENUTO","ALESSANDRO MANUEL","Laurea in scienze politiche; Parlamentare; già Consigliere regionale del Piemonte; già Consigliere comunale città di Venaria Reale","19860723","VENARIA REALE","male","QUESTORE","UFFICIO DI PRESIDENZA","20221019",,"PIEMONTE 1 - P02",2023-04-21 12:00:47
"http://dati.camera.it/ocd/deputato.rdf/d307471_19","BENVENUTO","ALESSANDRO MANUEL","Laurea in scienze politiche; Parlamentare; già Consigliere regionale del Piemonte; già Consigliere comunale città di Venaria Reale","19860723","VENARIA REALE","male","QUESTORE","COMITATO PER GLI AFFARI DEL PERSONALE","20230220",,"PIEMONTE 1 - P02",2023-04-21 12:00:47
"http://dati.camera.it/ocd/deputato.rdf/d307471_19","BENVENUTO","ALESSANDRO MANUEL","Laurea in scienze politiche; Parlamentare; già Consigliere regionale del Piemonte; già Consigliere comunale città di Venaria Reale","19860723","VENARIA REALE","male","QUESTORE","COMITATO PER LA SICUREZZA","20230220",,"PIEMONTE 1 - P02",2023-04-21 12:00:47
"http://dati.camera.it/ocd/deputato.rdf/d307471_19","BENVENUTO","ALESSANDRO MANUEL","Laurea in scienze politiche; Parlamentare; già Consigliere regionale del Piemonte; già Consigliere comunale città di Venaria Reale","19860723","VENARIA REALE","male","QUESTORE","COMITATO DI VIGILANZA SULL'ATTIVITA' DI DOCUMENTAZIONE","20230223",,"PIEMONTE 1 - P02",2023-04-21 12:00:47
"http://dati.camera.it/ocd/deputato.rdf/d307471_19","BENVENUTO","ALESSANDRO MANUEL","Laurea in scienze politiche; Parlamentare; già Consigliere regionale del Piemonte; già Consigliere comunale città di Venaria Reale","19860723","VENARIA REALE","male","QUESTORE","COMITATO PER LA COMUNICAZIONE E L'INFORMAZIONE ESTERNA","20230220",,"PIEMONTE 1 - P02",2023-04-21 12:00:47
"http://dati.camera.it/ocd/deputato.rdf/d307475_19","GUSMEROLI","ALBERTO LUIGI","Laurea in economia indirizzo finanza aziendale e credito; Commercialista e revisore dei conti","19610227","VARESE","male","CAPOGRUPPO","COMMISSIONE SPECIALE ISTITUITA IL 19 OTTOBRE 2022, AI SENSI DELL'ARTICOLO 22, COMMA 2, DEL REGOLAMENTO","20221107","20221109","PIEMONTE 2 - P01",2023-04-30 12:00:52
"http://dati.camera.it/ocd/deputato.rdf/d307475_19","GUSMEROLI","ALBERTO LUIGI","Laurea in economia indirizzo finanza aziendale e credito; Commercialista e revisore dei conti","19610227","VARESE","male","PRESIDENTE","X COMMISSIONE (ATTIVITA'  PRODUTTIVE, COMMERCIO E TURISMO)","20221109",,"PIEMONTE 2 - P01",2023-04-30 12:00:52
"http://dati.camera.it/ocd/deputato.rdf/d307478_19","RUFFINO","DANIELA","Diploma di istituto tecnico femminile; Parlamentare","19590207","TORINO","female","CAPOGRUPPO","VIII COMMISSIONE (AMBIENTE, TERRITORIO E LAVORI PUBBLICI)","20221109",,"PIEMONTE 1 - P01",2022-11-10 12:00:21
"http://dati.camera.it/ocd/deputato.rdf/d307481_19","MANCINI","CLAUDIO","Diploma di liceo classico; Quadro intermedio","19690222","ROMA","male","SEGRETARIO","V COMMISSIONE (BILANCIO, TESORO E PROGRAMMAZIONE)","20221109",,"LAZIO 1 - P03",2022-11-10 12:01:45
"http://dati.camera.it/ocd/deputato.rdf/d307496_19","PELLA","ROBERTO","DIPLOMA DI RAGIONERIA; Imprenditore del settore tessile","19700306","BIELLA","male","PRESIDENTE","COMMISSIONE SPECIALE ISTITUITA IL 19 OTTOBRE 2022, AI SENSI DELL'ARTICOLO 22, COMMA 2, DEL REGOLAMENTO","20221024","20221109","PIEMONTE 1 - P02",2023-04-19 12:01:19
"http://dati.camera.it/ocd/deputato.rdf/d307496_19","PELLA","ROBERTO","DIPLOMA DI RAGIONERIA; Imprenditore del settore tessile","19700306","BIELLA","male","CAPOGRUPPO","COMMISSIONE SPECIALE ISTITUITA IL 19 OTTOBRE 2022, AI SENSI DELL'ARTICOLO 22, COMMA 2, DEL REGOLAMENTO","20221021","20221109","PIEMONTE 1 - P02",2023-04-19 12:01:19
"http://dati.camera.it/ocd/deputato.rdf/d307496_19","PELLA","ROBERTO","DIPLOMA DI RAGIONERIA; Imprenditore del settore tessile","19700306","BIELLA","male","CAPOGRUPPO","V COMMISSIONE (BILANCIO, TESORO E PROGRAMMAZIONE)","20221110",,"PIEMONTE 1 - P02",2023-04-19 12:01:19
"http://dati.camera.it/ocd/deputato.rdf/d307502_19","GIGLIO VIGNA","ALESSANDRO","Diploma di istituto tecnico commerciale; Imprenditore","19801213","IVREA","male","PRESIDENTE","XIV COMMISSIONE (POLITICHE DELL'UNIONE EUROPEA)","20221109",,"PIEMONTE 1 - P02",2023-04-30 12:00:19
"http://dati.camera.it/ocd/deputato.rdf/d307507_19","MOLINARI","RICCARDO","Laurea in giurisprudenza; Libero professionista","19830729","ALESSANDRIA","male","CAPOGRUPPO","CONFERENZA DEI PRESIDENTI DI GRUPPO","20221019",,"PIEMONTE 2 - P02",2022-11-10 12:01:14
"http://dati.camera.it/ocd/deputato.rdf/d307508_19","GIACCONE","ANDREA","Laurea in architettura, Corsi e scritti di specializzazione e approfondimenti; Architetto","19761008","SAVIGLIANO","male","CAPOGRUPPO","XI COMMISSIONE (LAVORO PUBBLICO E PRIVATO)","20221109",,"PIEMONTE 2 - P02",2023-03-06 12:01:07
"http://dati.camera.it/ocd/deputato.rdf/d307511_19","CIABURRO","MONICA","DIPLOMA ACCADEMICO DIDATTICA DELLA MUSICA; Insegnante di scuola secondaria inferiore; Sindaco","19700412","CUNEO","female","VICEPRESIDENTE","IV COMMISSIONE (DIFESA)","20221109",,"PIEMONTE 2 - P02",2023-04-30 12:00:44
"http://dati.camera.it/ocd/deputato.rdf/d307561_19","DE LUCA","PIERO","Dottorato di ricerca in diritto ed economia - Diplome d'etudes specialisées; Avvocato; Professore di seconda fascia","19800611","CAVA DE' TIRRENI","male","CAPOGRUPPO","XIV COMMISSIONE (POLITICHE DELL'UNIONE EUROPEA)","20221109",,"CAMPANIA 2 - P02",2022-11-26 12:01:05
"http://dati.camera.it/ocd/deputato.rdf/d307564_19","ORRICO","ANNA LAURA","Laurea in scienze politiche; Imprenditore del settore dei servizi","19801229","COSENZA","female","CAPOGRUPPO","VII COMMISSIONE (CULTURA, SCIENZA E ISTRUZIONE)","20221109",,"CALABRIA - P01",2023-03-15 12:00:14
"http://dati.camera.it/ocd/deputato.rdf/d307573_19","CARETTA","MARIA CRISTINA","Parlamentare","19640111","THIENE","female","VICEPRESIDENTE","XIII COMMISSIONE (AGRICOLTURA)","20221109",,"VENETO 2 - P02",2023-04-30 12:00:24
"http://dati.camera.it/ocd/deputato.rdf/d307575_19","MASCHIO","CIRO","Laurea in giurisprudenza; Avvocato","19710723","NEGRAR","male","PRESIDENTE","II COMMISSIONE (GIUSTIZIA)","20221109",,"VENETO 2 - P03",2023-01-11 12:01:09
"http://dati.camera.it/ocd/deputato.rdf/d307580_19","CORTELAZZO","PIERGIORGIO","Diploma di istituto tecnico per geometri; Imprenditore","19690220","ESTE","male","CAPOGRUPPO","VIII COMMISSIONE (AMBIENTE, TERRITORIO E LAVORI PUBBLICI)","20221110",,"VENETO 1 - P01",2022-11-11 12:00:27
"http://dati.camera.it/ocd/deputato.rdf/d307591_19","FONTANA","LORENZO","Laurea in scienze politiche, Laurea in storia contemporanea, Laurea in filosofia; Dipendente","19800410","VERONA","male","PRESIDENTE","UFFICIO DI PRESIDENZA","20221019",,"VENETO 2 - P03",2023-03-06 12:00:48
"http://dati.camera.it/ocd/deputato.rdf/d307591_19","FONTANA","LORENZO","Laurea in scienze politiche, Laurea in storia contemporanea, Laurea in filosofia; Dipendente","19800410","VERONA","male","PRESIDENTE","GIUNTA PER IL REGOLAMENTO","20221021",,"VENETO 2 - P03",2023-03-06 12:00:48
"http://dati.camera.it/ocd/deputato.rdf/d307591_19","FONTANA","LORENZO","Laurea in scienze politiche, Laurea in storia contemporanea, Laurea in filosofia; Dipendente","19800410","VERONA","male","PRESIDENTE","CONFERENZA DEI PRESIDENTI DI GRUPPO","20221019",,"VENETO 2 - P03",2023-03-06 12:00:48
"http://dati.camera.it/ocd/deputato.rdf/d307601_19","BORDONALI","SIMONA","Perito aziendale corrispondente lingue estere; Libero professionista","19710801","BRESCIA","female","SEGRETARIO","I COMMISSIONE (AFFARI COSTITUZIONALI, DELLA PRESIDENZA DEL CONSIGLIO E INTERNI)","20221109",,"LOMBARDIA 3 - P02",2022-11-10 12:01:50
"http://dati.camera.it/ocd/deputato.rdf/d307602_19","FORMENTINI","PAOLO","Diploma di liceo classico","19800430","DESENZANO DEL GARDA","male","CAPOGRUPPO","III COMMISSIONE (AFFARI ESTERI E COMUNITARI)","20221109","20221110","LOMBARDIA 3 - P02",2023-04-28 12:01:07
"http://dati.camera.it/ocd/deputato.rdf/d307602_19","FORMENTINI","PAOLO","Diploma di liceo classico","19800430","DESENZANO DEL GARDA","male","VICEPRESIDENTE","III COMMISSIONE (AFFARI ESTERI E COMUNITARI)","20221109",,"LOMBARDIA 3 - P02",2023-04-28 12:01:07
"http://dati.camera.it/ocd/deputato.rdf/d307603_19","COLUCCI","ALESSANDRO","Laurea in economia aziendale","19740520","MILANO","male","SEGRETARIO","UFFICIO PROVVISORIO DI PRESIDENZA","20221013","20221014","PUGLIA - P04",2023-04-30 12:00:48
"http://dati.camera.it/ocd/deputato.rdf/d307603_19","COLUCCI","ALESSANDRO","Laurea in economia aziendale","19740520","MILANO","male","SEGRETARIO","COMITATO PER LA COMUNICAZIONE E L'INFORMAZIONE ESTERNA","20230220",,"PUGLIA - P04",2023-04-30 12:00:48
"http://dati.camera.it/ocd/deputato.rdf/d307603_19","COLUCCI","ALESSANDRO","Laurea in economia aziendale","19740520","MILANO","male","SEGRETARIO","COMITATO PER GLI AFFARI DEL PERSONALE","20230220",,"PUGLIA - P04",2023-04-30 12:00:48
"http://dati.camera.it/ocd/deputato.rdf/d307603_19","COLUCCI","ALESSANDRO","Laurea in economia aziendale","19740520","MILANO","male","SEGRETARIO","UFFICIO DI PRESIDENZA","20221108",,"PUGLIA - P04",2023-04-30 12:00:48
"http://dati.camera.it/ocd/deputato.rdf/d307603_19","COLUCCI","ALESSANDRO","Laurea in economia aziendale","19740520","MILANO","male","CAPOGRUPPO","I COMMISSIONE (AFFARI COSTITUZIONALI, DELLA PRESIDENZA DEL CONSIGLIO E INTERNI)","20221109",,"PUGLIA - P04",2023-04-30 12:00:48
"http://dati.camera.it/ocd/deputato.rdf/d307604_19","BENIGNI","STEFANO","Diploma di liceo scientifico; Consulente finanziario","19870716","ALZANO LOMBARDO","male","CAPOGRUPPO","XII COMMISSIONE (AFFARI SOCIALI)","20221110",,"LOMBARDIA 2 - P02",2023-04-30 12:00:38
"http://dati.camera.it/ocd/deputato.rdf/d307612_19","OSNATO","MARCO","Laurea in giurisprudenza; Imprenditore","19720320","BELLUNO","male","PRESIDENTE","VI COMMISSIONE (FINANZE)","20221109",,"LOMBARDIA 1 - P02",2023-01-11 12:00:45
"http://dati.camera.it/ocd/deputato.rdf/d307616_19","ZOFFILI","EUGENIO","Diploma di liceo classico; Consigliere comunale, Giornalista pubblicista","19791025","ERBA","male","CAPOGRUPPO","IV COMMISSIONE (DIFESA)","20221109",,"LOMBARDIA 2 - P02",2023-03-06 12:00:46
"http://dati.camera.it/ocd/deputato.rdf/d307632_19","CENTEMERO","GIULIO","Laurea in economia e commercio, Executive master in management dell'amministrazione pubblica; Commercialista","19790130","MILANO","male","CAPOGRUPPO","VI COMMISSIONE (FINANZE)","20221109",,"LOMBARDIA 3 - P01",2023-04-30 12:01:14
"http://dati.camera.it/ocd/deputato.rdf/d307634_19","DORI","DEVIS","Laurea in giurisprudenza; Diploma accademico in pianoforte; Avvocato","19791227","TREVIGLIO","male","VICEPRESIDENTE","GIUNTA PER LE AUTORIZZAZIONI","20221116",,"LOMBARDIA 2 - P02",2023-04-30 12:00:59
"http://dati.camera.it/ocd/deputato.rdf/d307634_19","DORI","DEVIS","Laurea in giurisprudenza; Diploma accademico in pianoforte; Avvocato","19791227","TREVIGLIO","male","CAPOGRUPPO","GIUNTA PER LE AUTORIZZAZIONI","20221118",,"LOMBARDIA 2 - P02",2023-04-30 12:00:59
"http://dati.camera.it/ocd/deputato.rdf/d307634_19","DORI","DEVIS","Laurea in giurisprudenza; Diploma accademico in pianoforte; Avvocato","19791227","TREVIGLIO","male","VICEPRESIDENTE","COMITATO PARLAMENTARE PER I PROCEDIMENTI DI ACCUSA","20221116",,"LOMBARDIA 2 - P02",2023-04-30 12:00:59
"http://dati.camera.it/ocd/deputato.rdf/d307634_19","DORI","DEVIS","Laurea in giurisprudenza; Diploma accademico in pianoforte; Avvocato","19791227","TREVIGLIO","male","CAPOGRUPPO","II COMMISSIONE (GIUSTIZIA)","20221109",,"LOMBARDIA 2 - P02",2023-04-30 12:00:59
"http://dati.camera.it/ocd/deputato.rdf/d307641_19","IEZZI","IGOR GIANCARLO","Diploma di liceo scientifico; Giornalista","19750118","MILANO","male","CAPOGRUPPO","I COMMISSIONE (AFFARI COSTITUZIONALI, DELLA PRESIDENZA DEL CONSIGLIO E INTERNI)","20221109",,"LOMBARDIA 1 - P01",2022-11-10 12:00:27
"http://dati.camera.it/ocd/deputato.rdf/d307657_19","CATTANEO","ALESSANDRO","Ingegnere; Ingegnere elettronico;","19790612","RHO","male","CAPOGRUPPO","CONFERENZA DEI PRESIDENTI DI GRUPPO","20221019","20230328","LOMBARDIA 4 - P01",2023-04-13 12:00:52
"http://dati.camera.it/ocd/deputato.rdf/d307678_19","ROSSELLO","CRISTINA","Laurea in giurisprudenza, Scuola di formazione per Amministratore Giudiziario; Avvocato civilista; Cassazionista; Amministratore Giudiziario","19611224","FINALE LIGURE","female","CAPOGRUPPO","XIV COMMISSIONE (POLITICHE DELL'UNIONE EUROPEA)","20221110",,"LOMBARDIA 1 - P01",2022-11-11 12:00:54
"http://dati.camera.it/ocd/deputato.rdf/d307680_19","CECCHETTI","FABRIZIO","Diploma di liceo scientifico; Imprenditore","19771203","RHO","male","SEGRETARIO","UFFICIO DI PRESIDENZA","20221019",,"LOMBARDIA 1 - P02",2023-03-06 12:01:19
"http://dati.camera.it/ocd/deputato.rdf/d307680_19","CECCHETTI","FABRIZIO","Diploma di liceo scientifico; Imprenditore","19771203","RHO","male","SEGRETARIO","COMITATO DI VIGILANZA SULL'ATTIVITA' DI DOCUMENTAZIONE","20230223",,"LOMBARDIA 1 - P02",2023-03-06 12:01:19
"http://dati.camera.it/ocd/deputato.rdf/d307680_19","CECCHETTI","FABRIZIO","Diploma di liceo scientifico; Imprenditore","19771203","RHO","male","SEGRETARIO","COMMISSIONE D'INDAGINE SERRACCHIANI, LAI, ORLANDO-DONZELLI","20230215",,"LOMBARDIA 1 - P02",2023-03-06 12:01:19
"http://dati.camera.it/ocd/deputato.rdf/d307686_19","ANDREUZZA","GIORGIA","Laurea in architettura; Architetto","19731211","PARMA","female","CAPOGRUPPO","X COMMISSIONE (ATTIVITA'  PRODUTTIVE, COMMERCIO E TURISMO)","20221109",,"VENETO 1 - P01",2022-11-12 12:00:38
"http://dati.camera.it/ocd/deputato.rdf/d307689_19","BISA","INGRID","Laurea in giurisprudenza; Avvocato","19780110","ASOLO","female","SEGRETARIO","GIUNTA PER LE AUTORIZZAZIONI","20221116",,"VENETO 1 - P01",2023-03-15 12:00:20
"http://dati.camera.it/ocd/deputato.rdf/d307689_19","BISA","INGRID","Laurea in giurisprudenza; Avvocato","19780110","ASOLO","female","SEGRETARIO","COMITATO PARLAMENTARE PER I PROCEDIMENTI DI ACCUSA","20221116",,"VENETO 1 - P01",2023-03-15 12:00:20
"http://dati.camera.it/ocd/deputato.rdf/d307689_19","BISA","INGRID","Laurea in giurisprudenza; Avvocato","19780110","ASOLO","female","CAPOGRUPPO","II COMMISSIONE (GIUSTIZIA)","20221109",,"VENETO 1 - P01",2023-03-15 12:00:20
"http://dati.camera.it/ocd/deputato.rdf/d307718_19","FURGIUELE","DOMENICO","Laurea in scienze dell'educazione; Imprenditore edile","19830101","LAMEZIA TERME","male","SEGRETARIO","IX COMMISSIONE (TRASPORTI, POSTE E TELECOMUNICAZIONI)","20221109",,"CALABRIA - P01",2022-11-10 12:02:40
"http://dati.camera.it/ocd/deputato.rdf/d307722_19","SCUTELLA'","ELISA","Laurea in giurisprudenza","19871031","GENOVA","female","CAPOGRUPPO","XIV COMMISSIONE (POLITICHE DELL'UNIONE EUROPEA)","20221109",,"CALABRIA - P01",2023-03-06 12:00:38
"http://dati.camera.it/ocd/deputato.rdf/d307749_19","BAGNAI","ALBERTO","Laurea in economia e commercio, Dottorato di ricerca in Scienze economiche; Professore associato di Politica economica","19621210","FIRENZE","male","VICEPRESIDENTE","VI COMMISSIONE (FINANZE)","20221109",,"ABRUZZO - P01",2023-04-30 12:00:51
"http://dati.camera.it/ocd/deputato.rdf/d307752_19","BATTISTONI","FRANCESCO","Laurea in scienze politiche e delle relazioni internazionali; Parlamentare, Giornalista pubblicista","19670223","MONTEFIASCONE","male","VICEPRESIDENTE","VIII COMMISSIONE (AMBIENTE, TERRITORIO E LAVORI PUBBLICI)","20221109",,"MARCHE - P01",2022-11-10 12:02:34
"http://dati.camera.it/ocd/deputato.rdf/d307790_19","DELL'OLIO","GIANMAURO","Laurea in economia aziendale, Executive MBA (Ross School of business, Michigan University); Commercialista; Consulente aziendale","19680307","BARI","male","CAPOGRUPPO","COMMISSIONE SPECIALE ISTITUITA IL 19 OTTOBRE 2022, AI SENSI DELL'ARTICOLO 22, COMMA 2, DEL REGOLAMENTO","20221107","20221109","PUGLIA - P02",2022-11-26 12:00:43
"http://dati.camera.it/ocd/deputato.rdf/d307790_19","DELL'OLIO","GIANMAURO","Laurea in economia aziendale, Executive MBA (Ross School of business, Michigan University); Commercialista; Consulente aziendale","19680307","BARI","male","VICEPRESIDENTE","V COMMISSIONE (BILANCIO, TESORO E PROGRAMMAZIONE)","20221109",,"PUGLIA - P02",2022-11-26 12:00:43
"http://dati.camera.it/ocd/deputato.rdf/d307804_19","FENU","EMILIANO","Laurea in economia e commercio; Commercialista, Revisore dei Conti","19770129","SINISCOLA","male","CAPOGRUPPO","COMMISSIONE SPECIALE ISTITUITA IL 19 OTTOBRE 2022, AI SENSI DELL'ARTICOLO 22, COMMA 2, DEL REGOLAMENTO","20221021","20221107","SARDEGNA - P01",2023-04-21 12:01:14
"http://dati.camera.it/ocd/deputato.rdf/d307804_19","FENU","EMILIANO","Laurea in economia e commercio; Commercialista, Revisore dei Conti","19770129","SINISCOLA","male","CAPOGRUPPO","VI COMMISSIONE (FINANZE)","20221109",,"SARDEGNA - P01",2023-04-21 12:01:14
"http://dati.camera.it/ocd/deputato.rdf/d307822_19","L'ABBATE","PASQUA","Professoressa di economia ecologica; P.h.D.","19660502","POLIGNANO A MARE","female","VICEPRESIDENTE","VIII COMMISSIONE (AMBIENTE, TERRITORIO E LAVORI PUBBLICI)","20221109",,"PUGLIA - P03",2022-11-10 12:02:28
"http://dati.camera.it/ocd/deputato.rdf/d307826_19","LAUS","MAURO ANTONIO DONATO","Diploma di istituto tecnico industriale; Imprenditore del settore dei servizi","19660807","LAVELLO","male","CAPOGRUPPO","XI COMMISSIONE (LAVORO PUBBLICO E PRIVATO)","20221109",,"PIEMONTE 1 - P01",2022-11-10 12:01:18
"http://dati.camera.it/ocd/deputato.rdf/d307829_19","LOMUTI","ARNALDO","Laurea in giurisprudenza; Avvocato","19750214","VENOSA","male","CAPOGRUPPO","III COMMISSIONE (AFFARI ESTERI E COMUNITARI)","20221109","20230329","BASILICATA - P01",2023-04-14 12:01:27
"http://dati.camera.it/ocd/deputato.rdf/d307829_19","LOMUTI","ARNALDO","Laurea in giurisprudenza; Avvocato","19750214","VENOSA","male","SEGRETARIO","DELEGAZIONE PARLAMENTARE PRESSO L'ASSEMBLEA DEL CONSIGLIO D'EUROPA (CDE)","20230413",,"BASILICATA - P01",2023-04-14 12:01:27
"http://dati.camera.it/ocd/deputato.rdf/d307837_19","MANGIALAVORI","GIUSEPPE TOMMASO VINCENZO","Laurea in medicina e chirurgia; Radiologo","19750211","MERANO","male","PRESIDENTE","V COMMISSIONE (BILANCIO, TESORO E PROGRAMMAZIONE)","20221109",,"CALABRIA - P01",2023-01-11 12:00:56
"http://dati.camera.it/ocd/deputato.rdf/d307851_19","NISINI","TIZIANA","Diploma di Ragioneria; Dipendente Istituti di credito","19751018","PAVIA","female","VICEPRESIDENTE","XI COMMISSIONE (LAVORO PUBBLICO E PRIVATO)","20221109",,"TOSCANA - P02",2022-11-10 12:02:47
"http://dati.camera.it/ocd/deputato.rdf/d307857_19","PAGANO","NAZARIO","Laurea in giurisprudenza; Avvocato, Docente universitario a contratto","19570523","NAPOLI","male","PRESIDENTE","I COMMISSIONE (AFFARI COSTITUZIONALI, DELLA PRESIDENZA DEL CONSIGLIO E INTERNI)","20221109",,"ABRUZZO - P01",2023-04-28 12:00:52
"http://dati.camera.it/ocd/deputato.rdf/d307863_19","PELLEGRINI","MARCO","LAUREA IN INGEGNERIA CIVILE - EDILE; INGEGNERE, IMPRENDITORE","19640730","FOGGIA","male","CAPOGRUPPO","IV COMMISSIONE (DIFESA)","20221109",,"PUGLIA - P01",2023-03-06 12:01:03
"http://dati.camera.it/ocd/deputato.rdf/d307902_19","STEGER","DIETER","Laurea in giurisprudenza; Dirigente d'azienda","19640624","BRUNICO","male","CAPOGRUPPO","COMMISSIONE SPECIALE ISTITUITA IL 19 OTTOBRE 2022, AI SENSI DELL'ARTICOLO 22, COMMA 2, DEL REGOLAMENTO","20221027","20221109","TRENTINO-ALTO ADIGE/SÜDTIROL - P01",2023-03-15 12:00:32
"http://dati.camera.it/ocd/deputato.rdf/d307902_19","STEGER","DIETER","Laurea in giurisprudenza; Dirigente d'azienda","19640624","BRUNICO","male","CAPOGRUPPO","V COMMISSIONE (BILANCIO, TESORO E PROGRAMMAZIONE)","20221109",,"TRENTINO-ALTO ADIGE/SÜDTIROL - P01",2023-03-15 12:00:32
"http://dati.camera.it/ocd/deputato.rdf/d307922_19","COSTA","SERGIO","Laurea in scienze agrarie, Master in diritto dell'ambiente; Generale di Divisione Arma dei Carabinieri","19590422","NAPOLI","male","PRESIDENTE","COMMISSIONE D'INDAGINE SERRACCHIANI, LAI, ORLANDO-DONZELLI","20230203",,"CAMPANIA 1 - P01",2023-04-19 12:00:57
"http://dati.camera.it/ocd/deputato.rdf/d307922_19","COSTA","SERGIO","Laurea in scienze agrarie, Master in diritto dell'ambiente; Generale di Divisione Arma dei Carabinieri","19590422","NAPOLI","male","VICEPRESIDENTE","UFFICIO DI PRESIDENZA","20221019",,"CAMPANIA 1 - P01",2023-04-19 12:00:57
"http://dati.camera.it/ocd/deputato.rdf/d307922_19","COSTA","SERGIO","Laurea in scienze agrarie, Master in diritto dell'ambiente; Generale di Divisione Arma dei Carabinieri","19590422","NAPOLI","male","PRESIDENTE","COMITATO PER LA SICUREZZA","20230220",,"CAMPANIA 1 - P01",2023-04-19 12:00:57
"http://dati.camera.it/ocd/deputato.rdf/d308001_19","BARZOTTI","VALENTINA","Laurea in giurisprudenza, Laurea in Management of human resoruces and labour studies; Avvocato","19860205","MILANO","female","CAPOGRUPPO","XI COMMISSIONE (LAVORO PUBBLICO E PRIVATO)","20230329",,"LOMBARDIA 4 - P01",2023-03-30 12:00:31
"http://dati.camera.it/ocd/deputato.rdf/d308001_19","BARZOTTI","VALENTINA","Laurea in giurisprudenza, Laurea in Management of human resoruces and labour studies; Avvocato","19860205","MILANO","female","SEGRETARIO","COMITATO PER LA LEGISLAZIONE","20221110",,"LOMBARDIA 4 - P01",2023-03-30 12:00:31
"http://dati.camera.it/ocd/deputato.rdf/d308101_19","MANTOVANI","LUCREZIA MARIA BENEDETTA","Laurea in scienze linguistiche e letterature straniere; Imprenditrice","19840520","MILANO","female","CAPOGRUPPO","XIV COMMISSIONE (POLITICHE DELL'UNIONE EUROPEA)","20221109",,"LOMBARDIA 1 - P02",2023-04-30 12:00:45
"http://dati.camera.it/ocd/deputato.rdf/d308221_19","PAVANELLI","EMMA","Parlamentare","19730319","CHIAVARI","female","CAPOGRUPPO","X COMMISSIONE (ATTIVITA'  PRODUTTIVE, COMMERCIO E TURISMO)","20221109",,"UMBRIA - P01",2023-04-30 12:00:48
"http://dati.camera.it/ocd/deputato.rdf/d308244_19","BONETTI","ELENA","PHD in matematica; Professoressa associata di analisi matematica","19740412","ASOLA","female","CAPOGRUPPO","XII COMMISSIONE (AFFARI SOCIALI)","20221109",,"VENETO 2 - P02",2023-03-06 12:01:17
"http://dati.camera.it/ocd/deputato.rdf/d308600_19","CASU","ANDREA","Laurea in scienze dell'amministrazione","19811106","ROMA","male","CAPOGRUPPO","IX COMMISSIONE (TRASPORTI, POSTE E TELECOMUNICAZIONI)","20221109","20221117","LAZIO 1 - P01",2023-02-13 12:00:38
"http://dati.camera.it/ocd/deputato.rdf/d308760_19","MANES","FRANCO","Laurea in architettura; Architetto, già Sindaco del Comune di Doues e Presidente del Consorzio degli enti locali della Valle d'Aosta","19630621","AOSTA","male","CAPOGRUPPO","VIII COMMISSIONE (AMBIENTE, TERRITORIO E LAVORI PUBBLICI)","20221109",,"VALLE D'AOSTA",2022-11-10 12:00:26
"http://dati.camera.it/ocd/deputato.rdf/d308761_19","PISANO","CALOGERO","Laurea in economia dell'ambiente e della cultura","19810620","AGRIGENTO","male","VICEPRESIDENTE","XIV COMMISSIONE (POLITICHE DELL'UNIONE EUROPEA)","20221109","20221109","SICILIA 1 - P02",2023-04-30 12:00:57
"http://dati.camera.it/ocd/deputato.rdf/d308761_19","PISANO","CALOGERO","Laurea in economia dell'ambiente e della cultura","19810620","AGRIGENTO","male","CAPOGRUPPO","XIV COMMISSIONE (POLITICHE DELL'UNIONE EUROPEA)","20221109",,"SICILIA 1 - P02",2023-04-30 12:00:57
"http://dati.camera.it/ocd/deputato.rdf/d308761_19","PISANO","CALOGERO","Laurea in economia dell'ambiente e della cultura","19810620","AGRIGENTO","male","SEGRETARIO","XIV COMMISSIONE (POLITICHE DELL'UNIONE EUROPEA)","20221109",,"SICILIA 1 - P02",2023-04-30 12:00:57
"http://dati.camera.it/ocd/deputato.rdf/d308763_19","CARLONI","MIRCO","Laurea in scienze giuridiche, Laurea in giurisprudenza; Professore a contratto di discipline economiche; Imprenditore","19810114","FANO","male","PRESIDENTE","XIII COMMISSIONE (AGRICOLTURA)","20221109",,"MARCHE - P01",2023-01-11 12:00:58
"http://dati.camera.it/ocd/deputato.rdf/d308765_19","CANNATA","GIOVANNI LUCA","Master in innovazione e management nella pubblica amministrazione; Dirigente pubblico, Dottore Commercialista, Revisore legale dei conti","19790517","SIRACUSA","male","VICEPRESIDENTE","V COMMISSIONE (BILANCIO, TESORO E PROGRAMMAZIONE)","20221109",,"SICILIA 2 - P03",2022-11-10 12:02:23
"http://dati.camera.it/ocd/deputato.rdf/d308766_19","CALDERONE","TOMMASO ANTONINO","Laurea in giurisprudenza; Avvocato patrocinante in cassazione","19630130","BARCELLONA POZZO DI GOTTO","male","CAPOGRUPPO","II COMMISSIONE (GIUSTIZIA)","20221110",,"SICILIA 2 - P01",2022-11-11 12:00:46
"http://dati.camera.it/ocd/deputato.rdf/d308767_19","GALLO","FRANCESCO","Laurea in giurisprudenza; Avvocato patrocinante in cassazione; Giornalista pubblicista","19661103","MESSINA","male","CAPOGRUPPO","II COMMISSIONE (GIUSTIZIA)","20221109",,"SICILIA 2 - P01",2022-11-10 12:01:19
"http://dati.camera.it/ocd/deputato.rdf/d308781_19","ONORI","FEDERICA","DOTTORATO DI RICERCA IN SCIENZE STATISTICHE; ASSISTENTE STATISTICA PRESSO LA COMMISSIONE EUROPEA","19880616","ALBANO LAZIALE","female","CAPOGRUPPO","III COMMISSIONE (AFFARI ESTERI E COMUNITARI)","20230329",,"EUROPA",2023-03-30 12:00:21
"http://dati.camera.it/ocd/deputato.rdf/d308781_19","ONORI","FEDERICA","DOTTORATO DI RICERCA IN SCIENZE STATISTICHE; ASSISTENTE STATISTICA PRESSO LA COMMISSIONE EUROPEA","19880616","ALBANO LAZIALE","female","SEGRETARIO","III COMMISSIONE (AFFARI ESTERI E COMUNITARI)","20221109",,"EUROPA",2023-03-30 12:00:21
"http://dati.camera.it/ocd/deputato.rdf/d308782_19","TIRELLI","FRANCO","Laurea in giurisprudenza; Avvocato civilista","19651010","ROSARIO","male","CAPOGRUPPO","III COMMISSIONE (AFFARI ESTERI E COMUNITARI)","20221109",,"AMERICA MERIDIONALE",2023-04-30 12:00:42
"http://dati.camera.it/ocd/deputato.rdf/d308785_19","CAVO","ILARIA","LAUREA IN SCIENZE POLITICHE; Giornalista professionista in aspettativa","19731011","GENOVA","female","CAPOGRUPPO","X COMMISSIONE (ATTIVITA'  PRODUTTIVE, COMMERCIO E TURISMO)","20221109",,"LIGURIA - P01",2023-04-30 12:00:28
"http://dati.camera.it/ocd/deputato.rdf/d308785_19","CAVO","ILARIA","LAUREA IN SCIENZE POLITICHE; Giornalista professionista in aspettativa","19731011","GENOVA","female","VICEPRESIDENTE","X COMMISSIONE (ATTIVITA'  PRODUTTIVE, COMMERCIO E TURISMO)","20221109",,"LIGURIA - P01",2023-04-30 12:00:28
"http://dati.camera.it/ocd/deputato.rdf/d308788_19","RUBANO","FRANCESCO MARIA","Laurea in giurisprudenza; Consulente legale","19880121","TELESE","male","CAPOGRUPPO","VI COMMISSIONE (FINANZE)","20221110",,"CAMPANIA 2 - P01",2022-11-11 12:00:31
"http://dati.camera.it/ocd/deputato.rdf/d308789_19","VIETRI","MARIA IMMACOLATA","Diploma di liceo scientifico; Libero professionista","19691021","SALERNO","female","CAPOGRUPPO","XII COMMISSIONE (AFFARI SOCIALI)","20221109",,"CAMPANIA 2 - P02",2022-11-10 12:00:32
"http://dati.camera.it/ocd/deputato.rdf/d308790_19","BICCHIELLI","GIUSEPPE","Laurea in scienze dell'economia,Consulente aziendale, Giornalista","19670331","NAPOLI","male","CAPOGRUPPO","COMMISSIONE SPECIALE ISTITUITA IL 19 OTTOBRE 2022, AI SENSI DELL'ARTICOLO 22, COMMA 2, DEL REGOLAMENTO","20221027","20221109","CAMPANIA 2 - P02",2023-04-30 12:00:35
"http://dati.camera.it/ocd/deputato.rdf/d308790_19","BICCHIELLI","GIUSEPPE","Laurea in scienze dell'economia,Consulente aziendale, Giornalista","19670331","NAPOLI","male","CAPOGRUPPO","GIUNTA DELLE ELEZIONI","20221118",,"CAMPANIA 2 - P02",2023-04-30 12:00:35
"http://dati.camera.it/ocd/deputato.rdf/d308790_19","BICCHIELLI","GIUSEPPE","Laurea in scienze dell'economia,Consulente aziendale, Giornalista","19670331","NAPOLI","male","CAPOGRUPPO","IV COMMISSIONE (DIFESA)","20221109",,"CAMPANIA 2 - P02",2023-04-30 12:00:35
"http://dati.camera.it/ocd/deputato.rdf/d308794_19","CALOVINI","GIANGIACOMO","Laurea in Relazioni Internazionali; Libero professionista","19820316","BRESCIA","male","CAPOGRUPPO","III COMMISSIONE (AFFARI ESTERI E COMUNITARI)","20221109",,"LOMBARDIA 3 - P02",2022-11-10 12:02:48
"http://dati.camera.it/ocd/deputato.rdf/d308795_19","RAIMONDO","CARMINE FABIO","Laurea in giurisprudenza; Avvocato","19781109","MILANO","male","CAPOGRUPPO","IX COMMISSIONE (TRASPORTI, POSTE E TELECOMUNICAZIONI)","20221109",,"LOMBARDIA 4 - P01",2022-11-10 12:02:17
"http://dati.camera.it/ocd/deputato.rdf/d308797_19","SEMENZATO","MARTINA","Laurea in scienze politiche; Quadro Umana S.p.A.; Presidente Vetreria Salviati Srl; Past-president sezione vetro Confindustria Venezia-Rovigo; Consigliere di amministrazione Scuola Grande della Misericordia","19730709","SPINEA","female","CAPOGRUPPO","VIII COMMISSIONE (AMBIENTE, TERRITORIO E LAVORI PUBBLICI)","20221109",,"VENETO 1 - P01",2023-04-30 12:01:07
"http://dati.camera.it/ocd/deputato.rdf/d308799_19","FILINI","FRANCESCO","Laurea in scienze politiche e delle relazioni internazionali; Dipendente di partito o gruppo politico","19780904","ROMA","male","CAPOGRUPPO","COMMISSIONE PARLAMENTARE PER L'INDIRIZZO GENERALE E LA VIGILANZA DEI SERVIZI RADIOTELEVISIVI","20230412",,"VENETO 1 - P01",2023-04-13 12:01:16
"http://dati.camera.it/ocd/deputato.rdf/d308802_19","GRIPPO","VALENTINA","Laurea in giurisprudenza; Giornalista professionista","19710807","ROMA","female","VICEPRESIDENTE","VII COMMISSIONE (CULTURA, SCIENZA E ISTRUZIONE)","20221109",,"VENETO 1 - P01",2023-04-30 12:00:35
"http://dati.camera.it/ocd/deputato.rdf/d308807_19","CAROPPO","ANDREA","Laurea in giurisprudenza; Avvocato","19790626","POGGIARDO","male","CAPOGRUPPO","IX COMMISSIONE (TRASPORTI, POSTE E TELECOMUNICAZIONI)","20221110",,"PUGLIA - P04",2022-11-11 12:00:57
"http://dati.camera.it/ocd/deputato.rdf/d308809_19","IARIA","ANTONINO","Laurea in architettura; Architetto e consulente sistemi informativi territoriali","19701227","CONDOFURI","male","CAPOGRUPPO","IX COMMISSIONE (TRASPORTI, POSTE E TELECOMUNICAZIONI)","20221109",,"PIEMONTE 1 - P01",2022-11-10 12:01:13
"http://dati.camera.it/ocd/deputato.rdf/d308810_19","GRIMALDI","MARCO",,"19801108","TORINO","male","CAPOGRUPPO","V COMMISSIONE (BILANCIO, TESORO E PROGRAMMAZIONE)","20221109",,"PIEMONTE 1 - P01",2023-04-30 12:01:12
"http://dati.camera.it/ocd/deputato.rdf/d308812_19","PERISSA","MARCO","Laurea in scienze dell'economia;","19820522","ROMA","male","SEGRETARIO","VII COMMISSIONE (CULTURA, SCIENZA E ISTRUZIONE)","20221109",,"PIEMONTE 1 - P01",2022-11-10 12:02:06
"http://dati.camera.it/ocd/deputato.rdf/d308815_19","BERRUTO","MAURO","Laurea in filosofia; Consulente della formazione, Giornalista, già CT della nazionale italiana maschile di pallavolo","19690508","TORINO","male","SEGRETARIO","VII COMMISSIONE (CULTURA, SCIENZA E ISTRUZIONE)","20221109",,"PIEMONTE 1 - P02",2022-11-10 12:02:24
"http://dati.camera.it/ocd/deputato.rdf/d308816_19","PICCOLOTTI","ELISABETTA","Laurea in comunicazione nella società della globalizzazione; Consulente Senior per la comunicazione","19820210","CAMERINO","female","CAPOGRUPPO","VII COMMISSIONE (CULTURA, SCIENZA E ISTRUZIONE)","20221109",,"PUGLIA - P04",2023-04-30 12:01:14
"http://dati.camera.it/ocd/deputato.rdf/d308819_19","CARAMANNA","GIANLUCA","Laurea in economia del turismo; Imprenditore del settore turistico","19750725","FLORSCHEIM","male","CAPOGRUPPO","X COMMISSIONE (ATTIVITA'  PRODUTTIVE, COMMERCIO E TURISMO)","20221109",,"SICILIA 1 - P01",2023-03-15 12:00:34
"http://dati.camera.it/ocd/deputato.rdf/d308827_19","GATTA","GIACOMO DIEGO","Laurea in giurisprudenza; Avvocato civilista","19640410","MANFREDONIA","male","COORDINATORE INCOMPATIBILITA'","COMITATO PER LE INCOMPATIBILITA', LE INELEGGIBILITA' E LE DECADENZE","20221129",,"PUGLIA - P01",2023-03-06 12:00:38
"http://dati.camera.it/ocd/deputato.rdf/d308827_19","GATTA","GIACOMO DIEGO","Laurea in giurisprudenza; Avvocato civilista","19640410","MANFREDONIA","male","VICEPRESIDENTE","GIUNTA DELLE ELEZIONI","20221116",,"PUGLIA - P01",2023-03-06 12:00:38
"http://dati.camera.it/ocd/deputato.rdf/d308829_19","DALLA CHIESA","RITA","Diploma di liceo linguistico; Giornalista professionista","19470831","CASORIA","female","CAPOGRUPPO","VII COMMISSIONE (CULTURA, SCIENZA E ISTRUZIONE)","20221110",,"PUGLIA - P02",2023-04-06 12:01:18
"http://dati.camera.it/ocd/deputato.rdf/d308831_19","IAIA","DARIO","Laurea in giurisprudenza; Avvocato penalista","19731120","FRANCAVILLA FONTANA","male","CAPOGRUPPO","GIUNTA PER LE AUTORIZZAZIONI","20221118",,"PUGLIA - P03",2023-03-06 12:01:33
"http://dati.camera.it/ocd/deputato.rdf/d308833_19","CONGEDO","SAVERIO","Laurea in economia e commercio; Commercialista e Revisiore dei conti","19650215","LECCE","male","CAPOGRUPPO","VI COMMISSIONE (FINANZE)","20221109",,"PUGLIA - P04",2022-11-10 12:00:38
"http://dati.camera.it/ocd/deputato.rdf/d308835_19","CIANI","PAOLO","Laurea in storia dell'arte; Amministratore locale","19700515","ROMA","male","SEGRETARIO","XII COMMISSIONE (AFFARI SOCIALI)","20221109",,"LAZIO 1 - P01",2022-11-10 12:02:19
"http://dati.camera.it/ocd/deputato.rdf/d308839_19","PALOMBI","ALESSANDRO","Laurea in giurisprudenza; Avvocato patrocinante nelle giurisdizioni superiori","19760707","TIVOLI","male","VICEPRESIDENTE","GIUNTA PER LE AUTORIZZAZIONI","20221116",,"LAZIO 1 - P02",2023-03-06 12:00:37
"http://dati.camera.it/ocd/deputato.rdf/d308839_19","PALOMBI","ALESSANDRO","Laurea in giurisprudenza; Avvocato patrocinante nelle giurisdizioni superiori","19760707","TIVOLI","male","VICEPRESIDENTE","COMITATO PARLAMENTARE PER I PROCEDIMENTI DI ACCUSA","20221116",,"LAZIO 1 - P02",2023-03-06 12:00:37
"http://dati.camera.it/ocd/deputato.rdf/d308841_19","COLUCCI","ALFONSO","Notaio","19640224","FOGGIA","male","CAPOGRUPPO","I COMMISSIONE (AFFARI COSTITUZIONALI, DELLA PRESIDENZA DEL CONSIGLIO E INTERNI)","20221109",,"LAZIO 1 - P02",2023-03-06 12:01:30
"http://dati.camera.it/ocd/deputato.rdf/d308844_19","CAROTENUTO","DARIO","Diploma di istituto tecnico industriale; Giornalista, documentarista, videomaker","19780211","NAPOLI","male","CAPOGRUPPO","COMMISSIONE PARLAMENTARE PER L'INDIRIZZO GENERALE E LA VIGILANZA DEI SERVIZI RADIOTELEVISIVI","20230417",,"CAMPANIA 1 - P01",2023-04-19 12:00:47
"http://dati.camera.it/ocd/deputato.rdf/d308844_19","CAROTENUTO","DARIO","Diploma di istituto tecnico industriale; Giornalista, documentarista, videomaker","19780211","NAPOLI","male","SEGRETARIO","XI COMMISSIONE (LAVORO PUBBLICO E PRIVATO)","20221109",,"CAMPANIA 1 - P01",2023-04-19 12:00:47
"http://dati.camera.it/ocd/deputato.rdf/d308845_19","PENZA","PASQUALINO","Istituto tecnico commerciale, indirizzo programmatore; Agente scelto della Polizia di Stato; già assessore all'ambiente del comune di Caivano","19860116","NAPOLI","male","SEGRETARIO","I COMMISSIONE (AFFARI COSTITUZIONALI, DELLA PRESIDENZA DEL CONSIGLIO E INTERNI)","20221109",,"CAMPANIA 1 - P02",2022-11-18 12:00:36
"http://dati.camera.it/ocd/deputato.rdf/d308846_19","AURIEMMA","CARMELA","Laurea in giurisprudenza, Master in diritto ambientale, Corso di perfezionamento di tutela dei diritti dinnazi alla Corte di giustizia europea, Corso di perfezionamento in diritto d'impresa; Avvocato specializzato in diritto dell'Ue.","19810703","MADDALONI","female","COORDINATORE INELEGGIBILITA' E DECADENZE","COMITATO PER LE INCOMPATIBILITA', LE INELEGGIBILITA' E LE DECADENZE","20221129",,"CAMPANIA 1 - P02",2023-03-06 12:01:03
"http://dati.camera.it/ocd/deputato.rdf/d308846_19","AURIEMMA","CARMELA","Laurea in giurisprudenza, Master in diritto ambientale, Corso di perfezionamento di tutela dei diritti dinnazi alla Corte di giustizia europea, Corso di perfezionamento in diritto d'impresa; Avvocato specializzato in diritto dell'Ue.","19810703","MADDALONI","female","VICEPRESIDENTE","GIUNTA DELLE ELEZIONI","20221116",,"CAMPANIA 1 - P02",2023-03-06 12:01:03
"http://dati.camera.it/ocd/deputato.rdf/d308851_19","SCHIFONE","MARTA"," Laurea in farmacia, Scuola di specializzazione scienze e tecniche cosmetiche; Farmacista titolare","19801009","NAPOLI","female","CAPOGRUPPO","XI COMMISSIONE (LAVORO PUBBLICO E PRIVATO)","20221109",,"CAMPANIA 1 - P02",2023-04-30 12:01:00
"http://dati.camera.it/ocd/deputato.rdf/d308852_19","PATRIARCA","ANNARITA","Laurea in giurisprudenza; Avvocato","19710727","NAPOLI","female","SEGRETARIO","UFFICIO DI PRESIDENZA","20221019",,"CAMPANIA 1 - P02",2023-04-30 12:00:29
"http://dati.camera.it/ocd/deputato.rdf/d308852_19","PATRIARCA","ANNARITA","Laurea in giurisprudenza; Avvocato","19710727","NAPOLI","female","SEGRETARIO","COMITATO PER GLI AFFARI DEL PERSONALE","20230220",,"CAMPANIA 1 - P02",2023-04-30 12:00:29
"http://dati.camera.it/ocd/deputato.rdf/d308854_19","CARAMIELLO","ALESSANDRO","Laurea in ingegneria civile e ambientale; Dipendente di azienda privata","19770707","NAPOLI","male","CAPOGRUPPO","XIII COMMISSIONE (AGRICOLTURA)","20221109",,"CAMPANIA 1 - P02",2022-11-10 12:00:31
"http://dati.camera.it/ocd/deputato.rdf/d308857_19","BORRELLI","FRANCESCO EMILIO","Giornalista professionista","19730814","NAPOLI","male","CAPOGRUPPO","GIUNTA DELLE ELEZIONI","20221118",,"CAMPANIA 1 - P02",2023-04-30 12:01:05
"http://dati.camera.it/ocd/deputato.rdf/d308857_19","BORRELLI","FRANCESCO EMILIO","Giornalista professionista","19730814","NAPOLI","male","CAPOGRUPPO","VI COMMISSIONE (FINANZE)","20221109",,"CAMPANIA 1 - P02",2023-04-30 12:01:05
"http://dati.camera.it/ocd/deputato.rdf/d308861_19","GHIRRA","FRANCESCA","Funzionario Regione Sardegna","19780725","CAGLIARI","female","CAPOGRUPPO","IX COMMISSIONE (TRASPORTI, POSTE E TELECOMUNICAZIONI)","20221109",,"SARDEGNA - P01",2023-04-30 12:00:53
"http://dati.camera.it/ocd/deputato.rdf/d308862_19","URZI'","ALESSANDRO","Giornalista","19660507","BOLZANO","male","CAPOGRUPPO","I COMMISSIONE (AFFARI COSTITUZIONALI, DELLA PRESIDENZA DEL CONSIGLIO E INTERNI)","20221109",,"VENETO 2 - P02",2022-11-10 12:01:47
"http://dati.camera.it/ocd/deputato.rdf/d308863_19","MORGANTE","MADDALENA","Laurea in giurisprudenza; Avvocato civilista","19810614","VERONA","female","SEGRETARIO","GIUNTA DELLE ELEZIONI","20221116",,"VENETO 2 - P03",2023-04-30 12:00:22
"http://dati.camera.it/ocd/deputato.rdf/d308865_19","TOSI","FLAVIO","Diploma di liceo classico; Consulente assicurativo","19690618","VERONA","male","VICEPRESIDENTE","IX COMMISSIONE (TRASPORTI, POSTE E TELECOMUNICAZIONI)","20221109",,"VENETO 2 - P03",2022-11-10 12:02:22
"http://dati.camera.it/ocd/deputato.rdf/d308866_19","TESTA","GUERINO","Laurea in economia e commercio; Commercialista","19700316","PESCARA","male","SEGRETARIO","VI COMMISSIONE (FINANZE)","20221109",,"ABRUZZO - P01",2022-11-10 12:02:12
"http://dati.camera.it/ocd/deputato.rdf/d308869_19","MARI","FRANCESCO","Diploma di istituto magistrale; Insegnante di scuola primaria","19620904","SALERNO","male","CAPOGRUPPO","XI COMMISSIONE (LAVORO PUBBLICO E PRIVATO)","20221109",,"CAMPANIA 2 - P02",2023-04-30 12:00:16
"http://dati.camera.it/ocd/deputato.rdf/d308873_19","ZINZI","GIANPIERO","Laurea in Giurisprudenza, Dottorato di ricerca in governo del territorio e tutela dell'ambiente; Avvocato","19830115","CASERTA","male","CAPOGRUPPO","VIII COMMISSIONE (AMBIENTE, TERRITORIO E LAVORI PUBBLICI)","20221109",,"CAMPANIA 2 - P01",2022-11-10 12:01:09
"http://dati.camera.it/ocd/deputato.rdf/d308874_19","CERRETO","MARCO","Dottorato di ricerca in diritto comparato; Funzionario del Ministero delle politiche agricole, alimentari e forestali","19710101","CASERTA","male","CAPOGRUPPO","XIII COMMISSIONE (AGRICOLTURA)","20221109",,"CAMPANIA 2 - P01",2022-11-10 12:00:39
"http://dati.camera.it/ocd/deputato.rdf/d308875_19","D'ALESSIO","ANTONIO","Laurea in giurisprudenza; Avvocato patrocinante in cassazione","19641205","SALERNO","male","CAPOGRUPPO","XI COMMISSIONE (LAVORO PUBBLICO E PRIVATO)","20221109",,"CAMPANIA 2 - P02",2023-03-16 12:00:32
"http://dati.camera.it/ocd/deputato.rdf/d308879_19","TENERINI","CHIARA","Diploma di liceo scientifico; Imprenditore immobiliare","19721208","SAN MINIATO","female","CAPOGRUPPO","XI COMMISSIONE (LAVORO PUBBLICO E PRIVATO)","20221110",,"TOSCANA - P02",2022-11-11 12:00:36
"http://dati.camera.it/ocd/deputato.rdf/d308880_19","GIANASSI","FEDERICO","Laurea in giurisprudenza, Dottorato di ricerca in diritto internazionale; Avvocato, già Presidente di Circoscrizione nel Comune di Firenze, Assessore al Bilancio, Società partecipate, Attività economiche del Comune di Firenze","19800521","FIRENZE","male","CAPOGRUPPO","II COMMISSIONE (GIUSTIZIA)","20221109",,"TOSCANA - P03",2023-03-06 12:01:31
"http://dati.camera.it/ocd/deputato.rdf/d308884_19","AMORESE","ALESSANDRO","Laurea in scienze politiche; Editore","19741008","CARRARA","male","CAPOGRUPPO","VII COMMISSIONE (CULTURA, SCIENZA E ISTRUZIONE)","20221109",,"TOSCANA - P01",2023-03-06 12:00:34
"http://dati.camera.it/ocd/deputato.rdf/d308886_19","MALAGOLA","LORENZO","Laurea magistrale in Economia; Dirigente di azienda privata","19821110","MILANO","male","SEGRETARIO","XI COMMISSIONE (LAVORO PUBBLICO E PRIVATO)","20221109",,"LOMBARDIA 1 - P01",2022-11-10 12:01:02
"http://dati.camera.it/ocd/deputato.rdf/d308892_19","FURFARO","MARCO","Laurea in economia aziendale; Responsabile relazioni istituzionali","19800619","PISTOIA","male","CAPOGRUPPO","XII COMMISSIONE (AFFARI SOCIALI)","20221109",,"TOSCANA - P01",2023-03-06 12:01:38
"http://dati.camera.it/ocd/deputato.rdf/d308893_19","EVI","ELEONORA","Master in strategic design, LAUREA MAGISTRALE IN SERVICE DESIGN; Parlamentare","19831120","MILANO","female","CAPOGRUPPO","X COMMISSIONE (ATTIVITA'  PRODUTTIVE, COMMERCIO E TURISMO)","20221109",,"LOMBARDIA 1 - P01",2023-04-30 12:00:56
"http://dati.camera.it/ocd/deputato.rdf/d308893_19","EVI","ELEONORA","Master in strategic design, LAUREA MAGISTRALE IN SERVICE DESIGN; Parlamentare","19831120","MILANO","female","SEGRETARIO","X COMMISSIONE (ATTIVITA'  PRODUTTIVE, COMMERCIO E TURISMO)","20221109",,"LOMBARDIA 1 - P01",2023-04-30 12:00:56
"http://dati.camera.it/ocd/deputato.rdf/d308894_19","SIMIANI","MARCO","Diploma; imprenditore nel settore dell'illuminotecnica","19700425","PISA","male","CAPOGRUPPO","VIII COMMISSIONE (AMBIENTE, TERRITORIO E LAVORI PUBBLICI)","20221109",,"TOSCANA - P02",2022-11-10 12:02:01
"http://dati.camera.it/ocd/deputato.rdf/d308895_19","PASTORELLA","GIULIA","Laurea in lettere e filosofia a Oxford, Dottorato di ricerca alla London School of Economics, Master in politica europea a Sciences Po e London School of Economics; Direttrice delle pubbliche relazioni","19860605","MILANO","female","CAPOGRUPPO","IX COMMISSIONE (TRASPORTI, POSTE E TELECOMUNICAZIONI)","20221109",,"LOMBARDIA 1 - P01",2022-11-10 12:02:36
"http://dati.camera.it/ocd/deputato.rdf/d308896_19","QUARTINI","ANDREA","Laurea in medicina e chirurgia; Dirigente sanitario, gastroenterologo","19600321","GAMBASSI","male","CAPOGRUPPO","XII COMMISSIONE (AFFARI SOCIALI)","20230124",,"TOSCANA - P03",2023-01-25 12:00:49
"http://dati.camera.it/ocd/deputato.rdf/d308899_19","RUSSO","PAOLO EMILIO","Laurea in scienze politiche e delle relazioni internazionali; Giornalista parlamentare","19770606","COMO","male","CAPOGRUPPO","I COMMISSIONE (AFFARI COSTITUZIONALI, DELLA PRESIDENZA DEL CONSIGLIO E INTERNI)","20221110",,"SICILIA 2 - P02",2023-03-06 12:00:52
"http://dati.camera.it/ocd/deputato.rdf/d308902_19","BARBAGALLO","ANTHONY EMANUELE","Laurea in giurisprudenza; Avvocato amministrativista","19751224","CATANIA","male","CAPOGRUPPO","IX COMMISSIONE (TRASPORTI, POSTE E TELECOMUNICAZIONI)","20221117",,"SICILIA 2 - P03",2022-11-22 12:00:42
"http://dati.camera.it/ocd/deputato.rdf/d308908_19","SBARDELLA","LUCA","Laurea in scienze politiche; Dipendente pubblico; Piccolo imprenditore agricolo","19730926","ROMA","male","CAPOGRUPPO","GIUNTA DELLE ELEZIONI","20221118",,"LOMBARDIA 3 - P02",2023-03-15 12:00:40
"http://dati.camera.it/ocd/deputato.rdf/d308909_19","ANTONIOZZI","ALFREDO","Laurea in giurisprudenza; Libero professionista","19560318","COSENZA","male","SEGRETARIO","DELEGAZIONE PARLAMENTARE PRESSO L'ASSEMBLEA DEL CONSIGLIO D'EUROPA (CDE)","20230413",,"CALABRIA - P01",2023-04-14 12:00:45
"http://dati.camera.it/ocd/deputato.rdf/d308913_19","BENZONI","FABRIZIO","Laurea in ingegneria gestionale; Consulente","19851104","BRESCIA","male","CAPOGRUPPO","X COMMISSIONE (ATTIVITA'  PRODUTTIVE, COMMERCIO E TURISMO)","20221109",,"LOMBARDIA 3 - P02",2023-03-06 12:01:06
"http://dati.camera.it/ocd/deputato.rdf/d308914_19","MACCARI","CARLO","Laurea in farmacia; Farmacista titolare","19650511","VOLTA MANTOVANA","male","SEGRETARIO","XII COMMISSIONE (AFFARI SOCIALI)","20221109",,"LOMBARDIA 4 - P01",2022-11-10 12:00:53
"http://dati.camera.it/ocd/deputato.rdf/d308915_19","CHIESA","PAOLA MARIA","Laurea in lettere moderne; Insegnante di scuola secondaria superiore","19790912","PAVIA","female","CAPOGRUPPO","IV COMMISSIONE (DIFESA)","20221109",,"LOMBARDIA 4 - P01",2022-11-10 12:01:36
"http://dati.camera.it/ocd/deputato.rdf/d308916_19","FORATTINI","ANTONELLA","Laurea in biologia; Consigliere regionale","19660513","GONZAGA","female","CAPOGRUPPO","GIUNTA PER LE AUTORIZZAZIONI","20221116",,"LOMBARDIA 4 - P01",2023-03-06 12:01:08
"http://dati.camera.it/ocd/deputato.rdf/d308917_19","COLOSIMO","CHIARA",,"19860602","ROMA","female","SEGRETARIO","UFFICIO DI PRESIDENZA","20221019",,"LAZIO 2 - P02",2022-11-10 12:02:46
"http://dati.camera.it/ocd/deputato.rdf/d308918_19","OTTAVIANI","NICOLA","Laurea in giurisprudenza; Avvocato penalista, Esperto di diritto penale commerciale","19680721","FROSINONE","male","SEGRETARIO","V COMMISSIONE (BILANCIO, TESORO E PROGRAMMAZIONE)","20221109",,"LAZIO 2 - P02",2022-11-26 12:00:54
"http://dati.camera.it/ocd/deputato.rdf/d308922_19","MILANI","MASSIMO","Diploma di liceo scientifico; Imprenditore edile","19670924","ROMA","male","SEGRETARIO","VIII COMMISSIONE (AMBIENTE, TERRITORIO E LAVORI PUBBLICI)","20221109",,"LAZIO 2 - P01",2022-11-26 12:00:59
"http://dati.camera.it/ocd/deputato.rdf/d308928_19","BERGAMINI","DAVIDE","Sindaco","19730207","BONDENO","male","CAPOGRUPPO","XIII COMMISSIONE (AGRICOLTURA)","20221109",,"EMILIA-ROMAGNA - P03",2022-11-10 12:01:59
"http://dati.camera.it/ocd/deputato.rdf/d308929_19","SOUMAHORO","ABOUBAKAR","Laurea in sociologia; ATTIVISTA SOCIALE E SINDACALE; SCRITTORE","19800606","BETROULILIE LAKOTA","male","CAPOGRUPPO","XIII COMMISSIONE (AGRICOLTURA)","20221109","20230118","EMILIA-ROMAGNA - P02",2023-04-30 12:00:23
"http://dati.camera.it/ocd/deputato.rdf/d308929_19","SOUMAHORO","ABOUBAKAR","Laurea in sociologia; ATTIVISTA SOCIALE E SINDACALE; SCRITTORE","19800606","BETROULILIE LAKOTA","male","CAPOGRUPPO","XI COMMISSIONE (LAVORO PUBBLICO E PRIVATO)","20230118",,"EMILIA-ROMAGNA - P02",2023-04-30 12:00:23
"http://dati.camera.it/ocd/deputato.rdf/d308931_19","BAKKALI","OUIDAD","Laurea in scienze internazionali e diplomatiche; già Presidente di consiglio comunale","19860315","AGADIR","female","SEGRETARIO","COMMISSIONE PARLAMENTARE PER L'INDIRIZZO GENERALE E LA VIGILANZA DEI SERVIZI RADIOTELEVISIVI","20230404",,"EMILIA-ROMAGNA - P03",2023-04-05 12:00:46
"http://dati.camera.it/ocd/deputato.rdf/d308933_19","CAFIERO DE RAHO","FEDERICO","Laurea in giurisprudenza; Già Procuratore nazionale antimafia e antiterrorismo","19520218","NAPOLI","male","VICEPRESIDENTE","II COMMISSIONE (GIUSTIZIA)","20221109",,"EMILIA-ROMAGNA - P03",2022-11-10 12:02:12
"http://dati.camera.it/ocd/deputato.rdf/d308934_19","MALAVASI","ILENIA","Laurea in lettere classiche, Scuola di Specializzazione in Archeologia; Sindaco","19711022","CORREGGIO","female","CAPOGRUPPO","GIUNTA DELLE ELEZIONI","20221118",,"EMILIA-ROMAGNA - P01",2023-03-06 12:00:14
"http://dati.camera.it/ocd/deputato.rdf/d308936_19","MEROLA","VIRGINIO","Laurea in filosofia; pensionato","19550214","SANTA MARIA CAPUA VETERE","male","CAPOGRUPPO","VI COMMISSIONE (FINANZE)","20221109",,"EMILIA-ROMAGNA - P02",2022-11-10 12:02:30
"http://dati.camera.it/ocd/deputato.rdf/d308939_19","MATTIA","ALDO","diploma di ragioneria; direttore regionale Coldiretti","19560111","FROSINONE","male","CAPOGRUPPO","VIII COMMISSIONE (AMBIENTE, TERRITORIO E LAVORI PUBBLICI)","20221109",,"BASILICATA - P01",2022-11-10 12:01:42
"http://dati.camera.it/ocd/deputato.rdf/d34580_19","TABACCI","BRUNO","Laurea in economia e commercio","19460827","QUISTELLO","male","VICEPRESIDENTE","COMITATO PER LA LEGISLAZIONE","20221110",,"LOMBARDIA 1 - P01",2023-03-06 12:00:50
"http://dati.camera.it/ocd/deputato.rdf/d35980_19","CIOCCHETTI","LUCIANO","Diploma di liceo scientifico, Laurea in scienze politiche e delle relazioni internazionali; Giornalista","19580303","ROMA","male","VICEPRESIDENTE","XII COMMISSIONE (AFFARI SOCIALI)","20221109",,"LAZIO 1 - P03",2022-11-26 12:01:08
"http://dati.camera.it/ocd/deputato.rdf/d36500_19","FASSINO","PIERO FRANCO","Laurea in scienze politiche; Dirigente di partito","19491007","AVIGLIANA","male","VICEPRESIDENTE","IV COMMISSIONE (DIFESA)","20221109",,"VENETO 1 - P01",2023-04-30 12:00:36
"http://dati.camera.it/ocd/deputato.rdf/d38560_19","ROTONDI","GIANFRANCO","Laurea in giurisprudenza; Giornalista professionista","19600725","AVELLINO","male","SEGRETARIO","XIV COMMISSIONE (POLITICHE DELL'UNIONE EUROPEA)","20221109","20221109","CAMPANIA 2 - P02",2023-03-06 12:00:45
"http://dati.camera.it/ocd/deputato.rdf/d38560_19","ROTONDI","GIANFRANCO","Laurea in giurisprudenza; Giornalista professionista","19600725","AVELLINO","male","PRESIDENTE","COMITATO PER LA LEGISLAZIONE","20221110",,"CAMPANIA 2 - P02",2023-03-06 12:00:45
"http://dati.camera.it/ocd/deputato.rdf/d38560_19","ROTONDI","GIANFRANCO","Laurea in giurisprudenza; Giornalista professionista","19600725","AVELLINO","male","VICEPRESIDENTE","XIV COMMISSIONE (POLITICHE DELL'UNIONE EUROPEA)","20221109",,"CAMPANIA 2 - P02",2023-03-06 12:00:45
"http://dati.camera.it/ocd/deputato.rdf/d39130_19","TREMONTI","GIULIO CARLO DANILO","Laurea in giurisprudenza; Professore ordinario di discipline giuridiche; Avvocato","19470818","SONDRIO","male","PRESIDENTE","III COMMISSIONE (AFFARI ESTERI E COMUNITARI)","20221109",,"LOMBARDIA 1 - P02",2023-04-30 12:00:33
"http://dati.camera.it/ocd/deputato.rdf/d50204_19","FOTI","TOMMASO","Diploma di liceo scientifico; Già dirigente di azienda privata","19600428","PIACENZA","male","CAPOGRUPPO","CONFERENZA DEI PRESIDENTI DI GRUPPO","20221109",,"EMILIA-ROMAGNA - P01",2023-04-30 12:00:47
